LOCATION,INDICATOR,SUBJECT,MEASURE,FREQUENCY,TIME,Value,Flag Codes
AUS,LFPR,15_64,PC_AGE,A,1966,66.3787357,
AUS,LFPR,15_64,PC_AGE,A,1967,66.53792278,
AUS,LFPR,15_64,PC_AGE,A,1968,66.68394333,
AUS,LFPR,15_64,PC_AGE,A,1969,66.64288124,
AUS,LFPR,15_64,PC_AGE,A,1970,67.69820293,
AUS,LFPR,15_64,PC_AGE,A,1971,67.56103874,
AUS,LFPR,15_64,PC_AGE,A,1972,67.96210363,
AUS,LFPR,15_64,PC_AGE,A,1973,68.33896697,
AUS,LFPR,15_64,PC_AGE,A,1974,68.26395986,
AUS,LFPR,15_64,PC_AGE,A,1975,68.66449511,
AUS,LFPR,15_64,PC_AGE,A,1976,68.60596094,
AUS,LFPR,15_64,PC_AGE,A,1977,69.31711155,
AUS,LFPR,15_64,PC_AGE,A,1978,68.72187744,
AUS,LFPR,15_64,PC_AGE,A,1979,68.73381142,
AUS,LFPR,15_64,PC_AGE,A,1980,69.4620257,
AUS,LFPR,15_64,PC_AGE,A,1981,69.42206134,
AUS,LFPR,15_64,PC_AGE,A,1982,69.16571013,
AUS,LFPR,15_64,PC_AGE,A,1983,68.8684295,
AUS,LFPR,15_64,PC_AGE,A,1984,69.09613174,
AUS,LFPR,15_64,PC_AGE,A,1985,69.51957605,
AUS,LFPR,15_64,PC_AGE,A,1986,70.9325667,
AUS,LFPR,15_64,PC_AGE,A,1987,71.13056909,
AUS,LFPR,15_64,PC_AGE,A,1988,71.71988512,
AUS,LFPR,15_64,PC_AGE,A,1989,72.73292007,
AUS,LFPR,15_64,PC_AGE,A,1990,73.5096041,
AUS,LFPR,15_64,PC_AGE,A,1991,72.98074333,
AUS,LFPR,15_64,PC_AGE,A,1992,72.82339979,
AUS,LFPR,15_64,PC_AGE,A,1993,72.58640278,
AUS,LFPR,15_64,PC_AGE,A,1994,73.19227753,
AUS,LFPR,15_64,PC_AGE,A,1995,73.964612,
AUS,LFPR,15_64,PC_AGE,A,1996,74.03052065,
AUS,LFPR,15_64,PC_AGE,A,1997,73.59248429,
AUS,LFPR,15_64,PC_AGE,A,1998,73.516061,
AUS,LFPR,15_64,PC_AGE,A,1999,73.33768196,
AUS,LFPR,15_64,PC_AGE,A,2000,73.7935979,
AUS,LFPR,15_64,PC_AGE,A,2001,74.05630031,
AUS,LFPR,15_64,PC_AGE,A,2002,74.14859534,
AUS,LFPR,15_64,PC_AGE,A,2003,74.48884898,
AUS,LFPR,15_64,PC_AGE,A,2004,74.3690701,
AUS,LFPR,15_64,PC_AGE,A,2005,75.39741843,
AUS,LFPR,15_64,PC_AGE,A,2006,75.80275622,
AUS,LFPR,15_64,PC_AGE,A,2007,76.19271853,
AUS,LFPR,15_64,PC_AGE,A,2008,76.50348993,
AUS,LFPR,15_64,PC_AGE,A,2009,76.38543709,
AUS,LFPR,15_64,PC_AGE,A,2010,76.43533118,
AUS,LFPR,15_64,PC_AGE,A,2011,76.64357065,
AUS,LFPR,15_64,PC_AGE,A,2012,76.43187582,
AUS,LFPR,15_64,PC_AGE,A,2013,76.41146526,
AUS,LFPR,15_64,PC_AGE,A,2014,76.31726044,
AUS,LFPR,15_64,PC_AGE,A,2015,76.94677462,
AUS,LFPR,15_64,PC_AGE,A,2016,76.93838652,
AUT,LFPR,15_64,PC_AGE,A,1994,70.97736087,
AUT,LFPR,15_64,PC_AGE,A,1995,71.37998141,
AUT,LFPR,15_64,PC_AGE,A,1996,70.78527921,
AUT,LFPR,15_64,PC_AGE,A,1997,70.80815548,
AUT,LFPR,15_64,PC_AGE,A,1998,70.76045803,
AUT,LFPR,15_64,PC_AGE,A,1999,71.04979004,
AUT,LFPR,15_64,PC_AGE,A,2000,70.79483729,
AUT,LFPR,15_64,PC_AGE,A,2001,70.74410294,
AUT,LFPR,15_64,PC_AGE,A,2002,71.66502418,
AUT,LFPR,15_64,PC_AGE,A,2003,72.04127345,
AUT,LFPR,15_64,PC_AGE,A,2004,70.39291975,
AUT,LFPR,15_64,PC_AGE,A,2005,71.44175151,
AUT,LFPR,15_64,PC_AGE,A,2006,72.39023442,
AUT,LFPR,15_64,PC_AGE,A,2007,73.49748736,
AUT,LFPR,15_64,PC_AGE,A,2008,73.89251013,
AUT,LFPR,15_64,PC_AGE,A,2009,74.33586463,
AUT,LFPR,15_64,PC_AGE,A,2010,74.42542722,
AUT,LFPR,15_64,PC_AGE,A,2011,74.55302121,
AUT,LFPR,15_64,PC_AGE,A,2012,75.11332701,
AUT,LFPR,15_64,PC_AGE,A,2013,75.50826271,
AUT,LFPR,15_64,PC_AGE,A,2014,75.38114911,
AUT,LFPR,15_64,PC_AGE,A,2015,75.50195558,
AUT,LFPR,15_64,PC_AGE,A,2016,76.20159341,
BEL,LFPR,15_64,PC_AGE,A,1983,60.14371586,
BEL,LFPR,15_64,PC_AGE,A,1984,59.76390556,
BEL,LFPR,15_64,PC_AGE,A,1985,59.60918237,
BEL,LFPR,15_64,PC_AGE,A,1986,59.69979603,
BEL,LFPR,15_64,PC_AGE,A,1987,58.98297115,
BEL,LFPR,15_64,PC_AGE,A,1988,58.4191108,
BEL,LFPR,15_64,PC_AGE,A,1989,58.66743455,
BEL,LFPR,15_64,PC_AGE,A,1990,58.72162028,
BEL,LFPR,15_64,PC_AGE,A,1991,60.1127896,
BEL,LFPR,15_64,PC_AGE,A,1992,60.61329327,
BEL,LFPR,15_64,PC_AGE,A,1993,60.89584111,
BEL,LFPR,15_64,PC_AGE,A,1994,61.71342215,
BEL,LFPR,15_64,PC_AGE,A,1995,62.07769162,
BEL,LFPR,15_64,PC_AGE,A,1996,62.18315675,
BEL,LFPR,15_64,PC_AGE,A,1997,62.60487267,
BEL,LFPR,15_64,PC_AGE,A,1998,63.22964177,
BEL,LFPR,15_64,PC_AGE,A,1999,64.55726917,
BEL,LFPR,15_64,PC_AGE,A,2000,65.12413802,
BEL,LFPR,15_64,PC_AGE,A,2001,64.20502191,
BEL,LFPR,15_64,PC_AGE,A,2002,64.77956298,
BEL,LFPR,15_64,PC_AGE,A,2003,64.92546908,
BEL,LFPR,15_64,PC_AGE,A,2004,65.89099806,
BEL,LFPR,15_64,PC_AGE,A,2005,66.74752428,
BEL,LFPR,15_64,PC_AGE,A,2006,66.50299778,
BEL,LFPR,15_64,PC_AGE,A,2007,67.07738728,
BEL,LFPR,15_64,PC_AGE,A,2008,67.10687076,
BEL,LFPR,15_64,PC_AGE,A,2009,66.92506202,
BEL,LFPR,15_64,PC_AGE,A,2010,67.66391816,
BEL,LFPR,15_64,PC_AGE,A,2011,66.71920728,
BEL,LFPR,15_64,PC_AGE,A,2012,66.93528035,
BEL,LFPR,15_64,PC_AGE,A,2013,67.53261314,
BEL,LFPR,15_64,PC_AGE,A,2014,67.72211215,
BEL,LFPR,15_64,PC_AGE,A,2015,67.58457301,
BEL,LFPR,15_64,PC_AGE,A,2016,67.62346566,
CAN,LFPR,15_64,PC_AGE,A,1976,67.94713935,
CAN,LFPR,15_64,PC_AGE,A,1977,68.51055046,
CAN,LFPR,15_64,PC_AGE,A,1978,69.60870639,
CAN,LFPR,15_64,PC_AGE,A,1979,70.77449002,
CAN,LFPR,15_64,PC_AGE,A,1980,71.5932991,
CAN,LFPR,15_64,PC_AGE,A,1981,72.58146992,
CAN,LFPR,15_64,PC_AGE,A,1982,71.95623409,
CAN,LFPR,15_64,PC_AGE,A,1983,72.47441724,
CAN,LFPR,15_64,PC_AGE,A,1984,72.96458328,
CAN,LFPR,15_64,PC_AGE,A,1985,73.74194772,
CAN,LFPR,15_64,PC_AGE,A,1986,74.57926159,
CAN,LFPR,15_64,PC_AGE,A,1987,75.29072063,
CAN,LFPR,15_64,PC_AGE,A,1988,75.93474511,
CAN,LFPR,15_64,PC_AGE,A,1989,76.59174996,
CAN,LFPR,15_64,PC_AGE,A,1990,76.64444978,
CAN,LFPR,15_64,PC_AGE,A,1991,76.18434312,
CAN,LFPR,15_64,PC_AGE,A,1992,75.3154948,
CAN,LFPR,15_64,PC_AGE,A,1993,75.06047909,
CAN,LFPR,15_64,PC_AGE,A,1994,74.88400463,
CAN,LFPR,15_64,PC_AGE,A,1995,74.65577656,
CAN,LFPR,15_64,PC_AGE,A,1996,74.56543212,
CAN,LFPR,15_64,PC_AGE,A,1997,74.86792605,
CAN,LFPR,15_64,PC_AGE,A,1998,75.22381066,
CAN,LFPR,15_64,PC_AGE,A,1999,75.80037293,
CAN,LFPR,15_64,PC_AGE,A,2000,76.15091103,
CAN,LFPR,15_64,PC_AGE,A,2001,76.33418798,
CAN,LFPR,15_64,PC_AGE,A,2002,77.39437891,
CAN,LFPR,15_64,PC_AGE,A,2003,78.16062225,
CAN,LFPR,15_64,PC_AGE,A,2004,78.13188211,
CAN,LFPR,15_64,PC_AGE,A,2005,77.72806458,
CAN,LFPR,15_64,PC_AGE,A,2006,77.71079093,
CAN,LFPR,15_64,PC_AGE,A,2007,78.26408134,
CAN,LFPR,15_64,PC_AGE,A,2008,78.38623302,
CAN,LFPR,15_64,PC_AGE,A,2009,77.95538396,
CAN,LFPR,15_64,PC_AGE,A,2010,77.80698113,
CAN,LFPR,15_64,PC_AGE,A,2011,77.75238745,
CAN,LFPR,15_64,PC_AGE,A,2012,77.79568216,
CAN,LFPR,15_64,PC_AGE,A,2013,78.03153584,
CAN,LFPR,15_64,PC_AGE,A,2014,77.76107251,
CAN,LFPR,15_64,PC_AGE,A,2015,77.966151,
CAN,LFPR,15_64,PC_AGE,A,2016,78.11168053,
CZE,LFPR,15_64,PC_AGE,A,1993,72.06843393,
CZE,LFPR,15_64,PC_AGE,A,1994,72.36560925,
CZE,LFPR,15_64,PC_AGE,A,1995,72.34268575,
CZE,LFPR,15_64,PC_AGE,A,1996,72.13791933,
CZE,LFPR,15_64,PC_AGE,A,1997,72.12353838,
CZE,LFPR,15_64,PC_AGE,A,1998,72.16977797,
CZE,LFPR,15_64,PC_AGE,A,1999,72.18265758,
CZE,LFPR,15_64,PC_AGE,A,2000,71.55562598,
CZE,LFPR,15_64,PC_AGE,A,2001,71.11603929,
CZE,LFPR,15_64,PC_AGE,A,2002,70.88138505,
CZE,LFPR,15_64,PC_AGE,A,2003,70.36246448,
CZE,LFPR,15_64,PC_AGE,A,2004,70.08845405,
CZE,LFPR,15_64,PC_AGE,A,2005,70.39955987,
CZE,LFPR,15_64,PC_AGE,A,2006,70.32845217,
CZE,LFPR,15_64,PC_AGE,A,2007,69.84772173,
CZE,LFPR,15_64,PC_AGE,A,2008,69.67235237,
CZE,LFPR,15_64,PC_AGE,A,2009,70.09746729,
CZE,LFPR,15_64,PC_AGE,A,2010,70.16984267,
CZE,LFPR,15_64,PC_AGE,A,2011,70.52810448,
CZE,LFPR,15_64,PC_AGE,A,2012,71.58938105,
CZE,LFPR,15_64,PC_AGE,A,2013,72.8739406,
CZE,LFPR,15_64,PC_AGE,A,2014,73.51776499,
CZE,LFPR,15_64,PC_AGE,A,2015,74.02491493,
CZE,LFPR,15_64,PC_AGE,A,2016,75.0001435,
DNK,LFPR,15_64,PC_AGE,A,1983,77.9936817,
DNK,LFPR,15_64,PC_AGE,A,1984,79.30199704,
DNK,LFPR,15_64,PC_AGE,A,1985,80.31416774,
DNK,LFPR,15_64,PC_AGE,A,1986,81.27409381,
DNK,LFPR,15_64,PC_AGE,A,1987,81.08387136,
DNK,LFPR,15_64,PC_AGE,A,1988,82.11042386,
DNK,LFPR,15_64,PC_AGE,A,1989,82.03242862,
DNK,LFPR,15_64,PC_AGE,A,1990,82.38992374,
DNK,LFPR,15_64,PC_AGE,A,1991,82.20469701,
DNK,LFPR,15_64,PC_AGE,A,1992,81.99422469,
DNK,LFPR,15_64,PC_AGE,A,1993,81.1875672,
DNK,LFPR,15_64,PC_AGE,A,1994,78.80284805,
DNK,LFPR,15_64,PC_AGE,A,1995,79.52043199,
DNK,LFPR,15_64,PC_AGE,A,1996,79.46103879,
DNK,LFPR,15_64,PC_AGE,A,1997,79.76980437,
DNK,LFPR,15_64,PC_AGE,A,1998,79.34211181,
DNK,LFPR,15_64,PC_AGE,A,1999,80.63056469,
DNK,LFPR,15_64,PC_AGE,A,2000,79.96092085,
DNK,LFPR,15_64,PC_AGE,A,2001,79.877048,
DNK,LFPR,15_64,PC_AGE,A,2002,79.56877678,
DNK,LFPR,15_64,PC_AGE,A,2003,79.48726756,
DNK,LFPR,15_64,PC_AGE,A,2004,80.14278242,
DNK,LFPR,15_64,PC_AGE,A,2005,79.80527477,
DNK,LFPR,15_64,PC_AGE,A,2006,80.55426365,
DNK,LFPR,15_64,PC_AGE,A,2007,80.0822743,
DNK,LFPR,15_64,PC_AGE,A,2008,80.66979563,
DNK,LFPR,15_64,PC_AGE,A,2009,80.2426918,
DNK,LFPR,15_64,PC_AGE,A,2010,79.36169831,
DNK,LFPR,15_64,PC_AGE,A,2011,79.26207314,
DNK,LFPR,15_64,PC_AGE,A,2012,78.64228333,
DNK,LFPR,15_64,PC_AGE,A,2013,78.12478915,
DNK,LFPR,15_64,PC_AGE,A,2014,78.07588568,
DNK,LFPR,15_64,PC_AGE,A,2015,78.45590022,
DNK,LFPR,15_64,PC_AGE,A,2016,79.95309505,
FIN,LFPR,15_64,PC_AGE,A,1963,73.22045612,
FIN,LFPR,15_64,PC_AGE,A,1964,73.32197615,
FIN,LFPR,15_64,PC_AGE,A,1965,72.96383913,
FIN,LFPR,15_64,PC_AGE,A,1966,72.66331658,
FIN,LFPR,15_64,PC_AGE,A,1967,71.35278515,
FIN,LFPR,15_64,PC_AGE,A,1968,70.07227332,
FIN,LFPR,15_64,PC_AGE,A,1969,69.93442623,
FIN,LFPR,15_64,PC_AGE,A,1970,71.86885246,
FIN,LFPR,15_64,PC_AGE,A,1971,71.71223958,
FIN,LFPR,15_64,PC_AGE,A,1972,71.27659574,
FIN,LFPR,15_64,PC_AGE,A,1973,72.10341526,
FIN,LFPR,15_64,PC_AGE,A,1974,73.09885932,
FIN,LFPR,15_64,PC_AGE,A,1975,72.95934447,
FIN,LFPR,15_64,PC_AGE,A,1976,72.48195795,
FIN,LFPR,15_64,PC_AGE,A,1977,72.73011897,
FIN,LFPR,15_64,PC_AGE,A,1978,72.60828919,
FIN,LFPR,15_64,PC_AGE,A,1979,73.33126358,
FIN,LFPR,15_64,PC_AGE,A,1980,74.26629595,
FIN,LFPR,15_64,PC_AGE,A,1981,74.76979742,
FIN,LFPR,15_64,PC_AGE,A,1982,75.49527583,
FIN,LFPR,15_64,PC_AGE,A,1983,75.68140521,
FIN,LFPR,15_64,PC_AGE,A,1984,75.72202166,
FIN,LFPR,15_64,PC_AGE,A,1985,76.20617321,
FIN,LFPR,15_64,PC_AGE,A,1986,76.09085475,
FIN,LFPR,15_64,PC_AGE,A,1987,75.60465811,
FIN,LFPR,15_64,PC_AGE,A,1988,75.40346683,
FIN,LFPR,15_64,PC_AGE,A,1989,77.3923445,
FIN,LFPR,15_64,PC_AGE,A,1990,77.11813842,
FIN,LFPR,15_64,PC_AGE,A,1991,75.65320665,
FIN,LFPR,15_64,PC_AGE,A,1992,74.17257683,
FIN,LFPR,15_64,PC_AGE,A,1993,73.38638373,
FIN,LFPR,15_64,PC_AGE,A,1994,72.68722467,
FIN,LFPR,15_64,PC_AGE,A,1995,73.15928425,
FIN,LFPR,15_64,PC_AGE,A,1996,73.40550029,
FIN,LFPR,15_64,PC_AGE,A,1997,72.73788675,
FIN,LFPR,15_64,PC_AGE,A,1998,73.17640221,
FIN,LFPR,15_64,PC_AGE,A,1999,74.18981481,
FIN,LFPR,15_64,PC_AGE,A,2000,74.86291486,
FIN,LFPR,15_64,PC_AGE,A,2001,75.19446845,
FIN,LFPR,15_64,PC_AGE,A,2002,75.04312823,
FIN,LFPR,15_64,PC_AGE,A,2003,74.67700258,
FIN,LFPR,15_64,PC_AGE,A,2004,74.36998855,
FIN,LFPR,15_64,PC_AGE,A,2005,74.83557335,
FIN,LFPR,15_64,PC_AGE,A,2006,75.392073,
FIN,LFPR,15_64,PC_AGE,A,2007,75.6895081,
FIN,LFPR,15_64,PC_AGE,A,2008,76.11644997,
FIN,LFPR,15_64,PC_AGE,A,2009,74.64749013,
FIN,LFPR,15_64,PC_AGE,A,2010,74.6344207,
FIN,LFPR,15_64,PC_AGE,A,2011,75.1271905,
FIN,LFPR,15_64,PC_AGE,A,2012,75.39029236,
FIN,LFPR,15_64,PC_AGE,A,2013,74.75064121,
FIN,LFPR,15_64,PC_AGE,A,2014,75.47980521,
FIN,LFPR,15_64,PC_AGE,A,2015,75.94936709,
FIN,LFPR,15_64,PC_AGE,A,2016,76.03872237,
FRA,LFPR,15_64,PC_AGE,A,1962,0,
FRA,LFPR,15_64,PC_AGE,A,1963,0,
FRA,LFPR,15_64,PC_AGE,A,1964,0,
FRA,LFPR,15_64,PC_AGE,A,1965,0,
FRA,LFPR,15_64,PC_AGE,A,1966,0,
FRA,LFPR,15_64,PC_AGE,A,1967,0,
FRA,LFPR,15_64,PC_AGE,A,1968,65.53671319,
FRA,LFPR,15_64,PC_AGE,A,1969,65.53397539,
FRA,LFPR,15_64,PC_AGE,A,1970,65.51879465,
FRA,LFPR,15_64,PC_AGE,A,1971,65.53937174,
FRA,LFPR,15_64,PC_AGE,A,1972,66.04146842,
FRA,LFPR,15_64,PC_AGE,A,1973,66.35196917,
FRA,LFPR,15_64,PC_AGE,A,1974,66.69323506,
FRA,LFPR,15_64,PC_AGE,A,1975,66.95681447,
FRA,LFPR,15_64,PC_AGE,A,1976,67.28598572,
FRA,LFPR,15_64,PC_AGE,A,1977,67.8348283,
FRA,LFPR,15_64,PC_AGE,A,1978,67.38108331,
FRA,LFPR,15_64,PC_AGE,A,1979,68.29413728,
FRA,LFPR,15_64,PC_AGE,A,1980,68.30194028,
FRA,LFPR,15_64,PC_AGE,A,1981,67.71768116,
FRA,LFPR,15_64,PC_AGE,A,1982,67.41517152,
FRA,LFPR,15_64,PC_AGE,A,1983,66.7288704,
FRA,LFPR,15_64,PC_AGE,A,1984,66.22723093,
FRA,LFPR,15_64,PC_AGE,A,1985,66.36500172,
FRA,LFPR,15_64,PC_AGE,A,1986,66.56146487,
FRA,LFPR,15_64,PC_AGE,A,1987,66.33373645,
FRA,LFPR,15_64,PC_AGE,A,1988,65.93480428,
FRA,LFPR,15_64,PC_AGE,A,1989,66.09381525,
FRA,LFPR,15_64,PC_AGE,A,1990,66.02520348,
FRA,LFPR,15_64,PC_AGE,A,1991,66.00467725,
FRA,LFPR,15_64,PC_AGE,A,1992,66.34361203,
FRA,LFPR,15_64,PC_AGE,A,1993,66.55499406,
FRA,LFPR,15_64,PC_AGE,A,1994,66.62174813,
FRA,LFPR,15_64,PC_AGE,A,1995,66.85049565,
FRA,LFPR,15_64,PC_AGE,A,1996,67.40323317,
FRA,LFPR,15_64,PC_AGE,A,1997,67.17504212,
FRA,LFPR,15_64,PC_AGE,A,1998,67.4221261,
FRA,LFPR,15_64,PC_AGE,A,1999,67.82184379,
FRA,LFPR,15_64,PC_AGE,A,2000,67.97961722,
FRA,LFPR,15_64,PC_AGE,A,2001,68.03040604,
FRA,LFPR,15_64,PC_AGE,A,2002,68.27126783,
FRA,LFPR,15_64,PC_AGE,A,2003,69.72403253,
FRA,LFPR,15_64,PC_AGE,A,2004,69.77638847,
FRA,LFPR,15_64,PC_AGE,A,2005,69.70790661,
FRA,LFPR,15_64,PC_AGE,A,2006,69.6142957,
FRA,LFPR,15_64,PC_AGE,A,2007,69.70638299,
FRA,LFPR,15_64,PC_AGE,A,2008,69.86535193,
FRA,LFPR,15_64,PC_AGE,A,2009,70.25811675,
FRA,LFPR,15_64,PC_AGE,A,2010,70.25088681,
FRA,LFPR,15_64,PC_AGE,A,2011,70.10852248,
FRA,LFPR,15_64,PC_AGE,A,2012,70.71997847,
FRA,LFPR,15_64,PC_AGE,A,2013,71.13956559,
FRA,LFPR,15_64,PC_AGE,A,2014,71.37734079,
FRA,LFPR,15_64,PC_AGE,A,2015,71.5083278,
FRA,LFPR,15_64,PC_AGE,A,2016,71.69713048,
DEU,LFPR,15_64,PC_AGE,A,1970,67.32378313,
DEU,LFPR,15_64,PC_AGE,A,1971,67.1405841,
DEU,LFPR,15_64,PC_AGE,A,1972,67.1459895,
DEU,LFPR,15_64,PC_AGE,A,1973,67.52043735,
DEU,LFPR,15_64,PC_AGE,A,1974,67.3769417,
DEU,LFPR,15_64,PC_AGE,A,1975,67.09589456,
DEU,LFPR,15_64,PC_AGE,A,1976,66.86704385,
DEU,LFPR,15_64,PC_AGE,A,1977,66.75643704,
DEU,LFPR,15_64,PC_AGE,A,1978,66.93788649,
DEU,LFPR,15_64,PC_AGE,A,1979,67.21604448,
DEU,LFPR,15_64,PC_AGE,A,1980,67.39407299,
DEU,LFPR,15_64,PC_AGE,A,1981,67.37393487,
DEU,LFPR,15_64,PC_AGE,A,1982,67.13203412,
DEU,LFPR,15_64,PC_AGE,A,1983,66.64622208,
DEU,LFPR,15_64,PC_AGE,A,1984,65.82233893,
DEU,LFPR,15_64,PC_AGE,A,1985,66.3715523,
DEU,LFPR,15_64,PC_AGE,A,1986,66.72965986,
DEU,LFPR,15_64,PC_AGE,A,1987,66.93182614,
DEU,LFPR,15_64,PC_AGE,A,1988,67.28058844,
DEU,LFPR,15_64,PC_AGE,A,1989,67.27524768,
DEU,LFPR,15_64,PC_AGE,A,1990,67.43778174,
DEU,LFPR,15_64,PC_AGE,A,1991,71.041403,
DEU,LFPR,15_64,PC_AGE,A,1992,70.89161946,
DEU,LFPR,15_64,PC_AGE,A,1993,70.74947703,
DEU,LFPR,15_64,PC_AGE,A,1994,70.51125113,
DEU,LFPR,15_64,PC_AGE,A,1995,70.40683835,
DEU,LFPR,15_64,PC_AGE,A,1996,70.56578639,
DEU,LFPR,15_64,PC_AGE,A,1997,70.84748199,
DEU,LFPR,15_64,PC_AGE,A,1998,71.36542504,
DEU,LFPR,15_64,PC_AGE,A,1999,71.18687098,
DEU,LFPR,15_64,PC_AGE,A,2000,71.13564955,
DEU,LFPR,15_64,PC_AGE,A,2001,71.4732687,
DEU,LFPR,15_64,PC_AGE,A,2002,71.50277955,
DEU,LFPR,15_64,PC_AGE,A,2003,71.29097576,
DEU,LFPR,15_64,PC_AGE,A,2004,72.58085251,
DEU,LFPR,15_64,PC_AGE,A,2005,73.83872437,
DEU,LFPR,15_64,PC_AGE,A,2006,74.9940523,
DEU,LFPR,15_64,PC_AGE,A,2007,75.63094822,
DEU,LFPR,15_64,PC_AGE,A,2008,75.94247314,
DEU,LFPR,15_64,PC_AGE,A,2009,76.36630281,
DEU,LFPR,15_64,PC_AGE,A,2010,76.64187312,
DEU,LFPR,15_64,PC_AGE,A,2011,77.31726417,
DEU,LFPR,15_64,PC_AGE,A,2012,77.22143865,
DEU,LFPR,15_64,PC_AGE,A,2013,77.62048823,
DEU,LFPR,15_64,PC_AGE,A,2014,77.74278016,
DEU,LFPR,15_64,PC_AGE,A,2015,77.63223091,
DEU,LFPR,15_64,PC_AGE,A,2016,77.97535332,
GRC,LFPR,15_64,PC_AGE,A,1983,59.77080027,
GRC,LFPR,15_64,PC_AGE,A,1984,59.83968565,
GRC,LFPR,15_64,PC_AGE,A,1985,60.02147508,
GRC,LFPR,15_64,PC_AGE,A,1986,59.47752653,
GRC,LFPR,15_64,PC_AGE,A,1987,59.15548529,
GRC,LFPR,15_64,PC_AGE,A,1988,59.80700962,
GRC,LFPR,15_64,PC_AGE,A,1989,59.79413042,
GRC,LFPR,15_64,PC_AGE,A,1990,59.08081765,
GRC,LFPR,15_64,PC_AGE,A,1991,57.58289121,
GRC,LFPR,15_64,PC_AGE,A,1992,58.32903339,
GRC,LFPR,15_64,PC_AGE,A,1993,58.93998033,
GRC,LFPR,15_64,PC_AGE,A,1994,59.49229349,
GRC,LFPR,15_64,PC_AGE,A,1995,60.11452721,
GRC,LFPR,15_64,PC_AGE,A,1996,60.98134891,
GRC,LFPR,15_64,PC_AGE,A,1997,60.8384168,
GRC,LFPR,15_64,PC_AGE,A,1998,62.47412551,
GRC,LFPR,15_64,PC_AGE,A,1999,62.93539161,
GRC,LFPR,15_64,PC_AGE,A,2000,63.83739748,
GRC,LFPR,15_64,PC_AGE,A,2001,63.29941295,
GRC,LFPR,15_64,PC_AGE,A,2002,64.14570674,
GRC,LFPR,15_64,PC_AGE,A,2003,64.9559138,
GRC,LFPR,15_64,PC_AGE,A,2004,66.18050586,
GRC,LFPR,15_64,PC_AGE,A,2005,66.36122675,
GRC,LFPR,15_64,PC_AGE,A,2006,66.66709197,
GRC,LFPR,15_64,PC_AGE,A,2007,66.53823863,
GRC,LFPR,15_64,PC_AGE,A,2008,66.65942504,
GRC,LFPR,15_64,PC_AGE,A,2009,67.42703147,
GRC,LFPR,15_64,PC_AGE,A,2010,67.83654429,
GRC,LFPR,15_64,PC_AGE,A,2011,67.25727461,
GRC,LFPR,15_64,PC_AGE,A,2012,67.46984961,
GRC,LFPR,15_64,PC_AGE,A,2013,67.47266786,
GRC,LFPR,15_64,PC_AGE,A,2014,67.42650457,
GRC,LFPR,15_64,PC_AGE,A,2015,67.80893535,
GRC,LFPR,15_64,PC_AGE,A,2016,68.21654175,
HUN,LFPR,15_64,PC_AGE,A,1992,64.44054632,
HUN,LFPR,15_64,PC_AGE,A,1993,61.95656946,
HUN,LFPR,15_64,PC_AGE,A,1994,60.01757859,
HUN,LFPR,15_64,PC_AGE,A,1995,58.92066835,
HUN,LFPR,15_64,PC_AGE,A,1996,58.46044287,
HUN,LFPR,15_64,PC_AGE,A,1997,57.77648453,
HUN,LFPR,15_64,PC_AGE,A,1998,58.17455571,
HUN,LFPR,15_64,PC_AGE,A,1999,59.5589274,
HUN,LFPR,15_64,PC_AGE,A,2000,59.86521782,
HUN,LFPR,15_64,PC_AGE,A,2001,59.60387628,
HUN,LFPR,15_64,PC_AGE,A,2002,59.69517285,
HUN,LFPR,15_64,PC_AGE,A,2003,60.58190173,
HUN,LFPR,15_64,PC_AGE,A,2004,60.45881354,
HUN,LFPR,15_64,PC_AGE,A,2005,61.36790522,
HUN,LFPR,15_64,PC_AGE,A,2006,62.02697131,
HUN,LFPR,15_64,PC_AGE,A,2007,61.62989397,
HUN,LFPR,15_64,PC_AGE,A,2008,61.19881282,
HUN,LFPR,15_64,PC_AGE,A,2009,61.22536589,
HUN,LFPR,15_64,PC_AGE,A,2010,61.91805225,
HUN,LFPR,15_64,PC_AGE,A,2011,62.36567253,
HUN,LFPR,15_64,PC_AGE,A,2012,63.71336381,
HUN,LFPR,15_64,PC_AGE,A,2013,64.69729842,
HUN,LFPR,15_64,PC_AGE,A,2014,66.98290834,
HUN,LFPR,15_64,PC_AGE,A,2015,68.64420588,
HUN,LFPR,15_64,PC_AGE,A,2016,70.13491978,
ISL,LFPR,15_64,PC_AGE,A,1991,82.11889848,
ISL,LFPR,15_64,PC_AGE,A,1992,82.80776265,
ISL,LFPR,15_64,PC_AGE,A,1993,82.58339986,
ISL,LFPR,15_64,PC_AGE,A,1994,83.00975249,
ISL,LFPR,15_64,PC_AGE,A,1995,84.71205254,
ISL,LFPR,15_64,PC_AGE,A,1996,83.57517623,
ISL,LFPR,15_64,PC_AGE,A,1997,83.13866108,
ISL,LFPR,15_64,PC_AGE,A,1998,84.46493711,
ISL,LFPR,15_64,PC_AGE,A,1999,85.88328483,
ISL,LFPR,15_64,PC_AGE,A,2000,86.62210374,
ISL,LFPR,15_64,PC_AGE,A,2001,86.61098077,
ISL,LFPR,15_64,PC_AGE,A,2002,85.60046317,
ISL,LFPR,15_64,PC_AGE,A,2003,87.04954202,
ISL,LFPR,15_64,PC_AGE,A,2004,85.47732934,
ISL,LFPR,15_64,PC_AGE,A,2005,86.68198659,
ISL,LFPR,15_64,PC_AGE,A,2006,87.96248046,
ISL,LFPR,15_64,PC_AGE,A,2007,87.7778334,
ISL,LFPR,15_64,PC_AGE,A,2008,86.87205392,
ISL,LFPR,15_64,PC_AGE,A,2009,85.27785532,
ISL,LFPR,15_64,PC_AGE,A,2010,85.46239884,
ISL,LFPR,15_64,PC_AGE,A,2011,85.15235866,
ISL,LFPR,15_64,PC_AGE,A,2012,85.49821717,
ISL,LFPR,15_64,PC_AGE,A,2013,86.57288556,
ISL,LFPR,15_64,PC_AGE,A,2014,86.67205247,
ISL,LFPR,15_64,PC_AGE,A,2015,87.88693222,
ISL,LFPR,15_64,PC_AGE,A,2016,89.04930836,
IRL,LFPR,15_64,PC_AGE,A,1961,62.13789286,
IRL,LFPR,15_64,PC_AGE,A,1966,61.94519723,
IRL,LFPR,15_64,PC_AGE,A,1971,60.93740902,
IRL,LFPR,15_64,PC_AGE,A,1975,60.20231527,
IRL,LFPR,15_64,PC_AGE,A,1977,59.32876784,
IRL,LFPR,15_64,PC_AGE,A,1979,59.87457644,
IRL,LFPR,15_64,PC_AGE,A,1981,60.16544389,
IRL,LFPR,15_64,PC_AGE,A,1983,60.67399549,
IRL,LFPR,15_64,PC_AGE,A,1984,60.15940035,
IRL,LFPR,15_64,PC_AGE,A,1985,60.47226954,
IRL,LFPR,15_64,PC_AGE,A,1986,59.93296195,
IRL,LFPR,15_64,PC_AGE,A,1987,60.42067703,
IRL,LFPR,15_64,PC_AGE,A,1988,59.89103889,
IRL,LFPR,15_64,PC_AGE,A,1989,59.18069796,
IRL,LFPR,15_64,PC_AGE,A,1990,60.05975166,
IRL,LFPR,15_64,PC_AGE,A,1991,60.23192674,
IRL,LFPR,15_64,PC_AGE,A,1992,60.00181192,
IRL,LFPR,15_64,PC_AGE,A,1993,60.65544493,
IRL,LFPR,15_64,PC_AGE,A,1994,61.11111111,
IRL,LFPR,15_64,PC_AGE,A,1995,61.79348557,
IRL,LFPR,15_64,PC_AGE,A,1996,62.54267779,
IRL,LFPR,15_64,PC_AGE,A,1997,62.87210653,
IRL,LFPR,15_64,PC_AGE,A,1998,65.24061917,
IRL,LFPR,15_64,PC_AGE,A,1999,67.1774716,
IRL,LFPR,15_64,PC_AGE,A,2000,68.24015762,
IRL,LFPR,15_64,PC_AGE,A,2001,68.39082738,
IRL,LFPR,15_64,PC_AGE,A,2002,68.28598277,
IRL,LFPR,15_64,PC_AGE,A,2003,68.42882913,
IRL,LFPR,15_64,PC_AGE,A,2004,69.1501321,
IRL,LFPR,15_64,PC_AGE,A,2005,70.90124847,
IRL,LFPR,15_64,PC_AGE,A,2006,71.86995695,
IRL,LFPR,15_64,PC_AGE,A,2007,72.69332374,
IRL,LFPR,15_64,PC_AGE,A,2008,72.18410159,
IRL,LFPR,15_64,PC_AGE,A,2009,71.06782218,
IRL,LFPR,15_64,PC_AGE,A,2010,69.84755067,
IRL,LFPR,15_64,PC_AGE,A,2011,69.50384723,
IRL,LFPR,15_64,PC_AGE,A,2012,69.41010112,
IRL,LFPR,15_64,PC_AGE,A,2013,70.1491047,
IRL,LFPR,15_64,PC_AGE,A,2014,69.73496093,
IRL,LFPR,15_64,PC_AGE,A,2015,70.10463884,
IRL,LFPR,15_64,PC_AGE,A,2016,70.85699161,
ITA,LFPR,15_64,PC_AGE,A,1970,53.7685784,
ITA,LFPR,15_64,PC_AGE,A,1971,53.59938847,
ITA,LFPR,15_64,PC_AGE,A,1972,52.98092108,
ITA,LFPR,15_64,PC_AGE,A,1973,52.95909842,
ITA,LFPR,15_64,PC_AGE,A,1974,53.10285586,
ITA,LFPR,15_64,PC_AGE,A,1975,53.19908972,
ITA,LFPR,15_64,PC_AGE,A,1976,53.480175,
ITA,LFPR,15_64,PC_AGE,A,1977,57.45511106,
ITA,LFPR,15_64,PC_AGE,A,1978,57.30428201,
ITA,LFPR,15_64,PC_AGE,A,1979,57.7966647,
ITA,LFPR,15_64,PC_AGE,A,1980,58.32064332,
ITA,LFPR,15_64,PC_AGE,A,1981,58.5243896,
ITA,LFPR,15_64,PC_AGE,A,1982,58.43604022,
ITA,LFPR,15_64,PC_AGE,A,1983,58.01605802,
ITA,LFPR,15_64,PC_AGE,A,1984,57.89379215,
ITA,LFPR,15_64,PC_AGE,A,1985,57.96976022,
ITA,LFPR,15_64,PC_AGE,A,1986,58.52197746,
ITA,LFPR,15_64,PC_AGE,A,1987,59.08467865,
ITA,LFPR,15_64,PC_AGE,A,1988,59.26976873,
ITA,LFPR,15_64,PC_AGE,A,1989,59.27393906,
ITA,LFPR,15_64,PC_AGE,A,1990,59.47575098,
ITA,LFPR,15_64,PC_AGE,A,1991,59.16379588,
ITA,LFPR,15_64,PC_AGE,A,1992,59.27011651,
ITA,LFPR,15_64,PC_AGE,A,1993,58.35845896,
ITA,LFPR,15_64,PC_AGE,A,1994,57.96930039,
ITA,LFPR,15_64,PC_AGE,A,1995,57.91056284,
ITA,LFPR,15_64,PC_AGE,A,1996,58.23149554,
ITA,LFPR,15_64,PC_AGE,A,1997,58.46090514,
ITA,LFPR,15_64,PC_AGE,A,1998,59.20846092,
ITA,LFPR,15_64,PC_AGE,A,1999,59.75776317,
ITA,LFPR,15_64,PC_AGE,A,2000,60.2884044,
ITA,LFPR,15_64,PC_AGE,A,2001,60.74555854,
ITA,LFPR,15_64,PC_AGE,A,2002,61.18748549,
ITA,LFPR,15_64,PC_AGE,A,2003,61.58214521,
ITA,LFPR,15_64,PC_AGE,A,2004,62.62557907,
ITA,LFPR,15_64,PC_AGE,A,2005,62.3736799,
ITA,LFPR,15_64,PC_AGE,A,2006,62.63575624,
ITA,LFPR,15_64,PC_AGE,A,2007,62.40472518,
ITA,LFPR,15_64,PC_AGE,A,2008,62.9155036,
ITA,LFPR,15_64,PC_AGE,A,2009,62.26095089,
ITA,LFPR,15_64,PC_AGE,A,2010,62.01385801,
ITA,LFPR,15_64,PC_AGE,A,2011,62.05364229,
ITA,LFPR,15_64,PC_AGE,A,2012,63.49753233,
ITA,LFPR,15_64,PC_AGE,A,2013,63.35284709,
ITA,LFPR,15_64,PC_AGE,A,2014,63.93926388,
ITA,LFPR,15_64,PC_AGE,A,2015,64.03756288,
ITA,LFPR,15_64,PC_AGE,A,2016,64.94097397,
JPN,LFPR,15_64,PC_AGE,A,1968,69.10859923,
JPN,LFPR,15_64,PC_AGE,A,1969,68.78179763,
JPN,LFPR,15_64,PC_AGE,A,1970,68.7482537,
JPN,LFPR,15_64,PC_AGE,A,1971,68.60223973,
JPN,LFPR,15_64,PC_AGE,A,1972,68.23981342,
JPN,LFPR,15_64,PC_AGE,A,1973,68.56642414,
JPN,LFPR,15_64,PC_AGE,A,1974,67.62705082,
JPN,LFPR,15_64,PC_AGE,A,1975,67.14701216,
JPN,LFPR,15_64,PC_AGE,A,1976,67.25675321,
JPN,LFPR,15_64,PC_AGE,A,1977,67.66046088,
JPN,LFPR,15_64,PC_AGE,A,1978,68.03617571,
JPN,LFPR,15_64,PC_AGE,A,1979,68.27736478,
JPN,LFPR,15_64,PC_AGE,A,1980,68.21183642,
JPN,LFPR,15_64,PC_AGE,A,1981,68.39182025,
JPN,LFPR,15_64,PC_AGE,A,1982,68.76564847,
JPN,LFPR,15_64,PC_AGE,A,1983,69.2936803,
JPN,LFPR,15_64,PC_AGE,A,1984,69.08645003,
JPN,LFPR,15_64,PC_AGE,A,1985,68.77959927,
JPN,LFPR,15_64,PC_AGE,A,1986,68.77104377,
JPN,LFPR,15_64,PC_AGE,A,1987,68.76340243,
JPN,LFPR,15_64,PC_AGE,A,1988,68.8922968,
JPN,LFPR,15_64,PC_AGE,A,1989,69.32070618,
JPN,LFPR,15_64,PC_AGE,A,1990,70.10920074,
JPN,LFPR,15_64,PC_AGE,A,1991,70.66774492,
JPN,LFPR,15_64,PC_AGE,A,1992,71.17314569,
JPN,LFPR,15_64,PC_AGE,A,1993,71.32995858,
JPN,LFPR,15_64,PC_AGE,A,1994,71.40722005,
JPN,LFPR,15_64,PC_AGE,A,1995,71.52218901,
JPN,LFPR,15_64,PC_AGE,A,1996,72.02072539,
JPN,LFPR,15_64,PC_AGE,A,1997,72.5767506,
JPN,LFPR,15_64,PC_AGE,A,1998,72.60273973,
JPN,LFPR,15_64,PC_AGE,A,1999,72.42134378,
JPN,LFPR,15_64,PC_AGE,A,2000,72.46159178,
JPN,LFPR,15_64,PC_AGE,A,2001,72.59130435,
JPN,LFPR,15_64,PC_AGE,A,2002,72.30966538,
JPN,LFPR,15_64,PC_AGE,A,2003,72.30030452,
JPN,LFPR,15_64,PC_AGE,A,2004,72.24571294,
JPN,LFPR,15_64,PC_AGE,A,2005,72.63916795,
JPN,LFPR,15_64,PC_AGE,A,2006,73.09433063,
JPN,LFPR,15_64,PC_AGE,A,2007,73.64369061,
JPN,LFPR,15_64,PC_AGE,A,2008,73.79912664,
JPN,LFPR,15_64,PC_AGE,A,2009,73.92209701,
JPN,LFPR,15_64,PC_AGE,A,2010,74.02613412,
JPN,LFPR,15_64,PC_AGE,A,2011,73.79658385,
JPN,LFPR,15_64,PC_AGE,A,2012,73.93359035,
JPN,LFPR,15_64,PC_AGE,A,2013,74.86111111,
JPN,LFPR,15_64,PC_AGE,A,2014,75.50288277,
JPN,LFPR,15_64,PC_AGE,A,2015,75.94706798,
JPN,LFPR,15_64,PC_AGE,A,2016,76.85755471,
KOR,LFPR,15_64,PC_AGE,A,1980,62.57243236,
KOR,LFPR,15_64,PC_AGE,A,1981,61.91939434,
KOR,LFPR,15_64,PC_AGE,A,1982,62.28216131,
KOR,LFPR,15_64,PC_AGE,A,1983,61.36275815,
KOR,LFPR,15_64,PC_AGE,A,1984,59.27893262,
KOR,LFPR,15_64,PC_AGE,A,1985,59.95110024,
KOR,LFPR,15_64,PC_AGE,A,1986,60.36534405,
KOR,LFPR,15_64,PC_AGE,A,1987,61.46792555,
KOR,LFPR,15_64,PC_AGE,A,1988,61.68302518,
KOR,LFPR,15_64,PC_AGE,A,1989,62.27769445,
KOR,LFPR,15_64,PC_AGE,A,1990,62.83260298,
KOR,LFPR,15_64,PC_AGE,A,1991,63.26021594,
KOR,LFPR,15_64,PC_AGE,A,1992,63.55946483,
KOR,LFPR,15_64,PC_AGE,A,1993,63.67534151,
KOR,LFPR,15_64,PC_AGE,A,1994,64.44400734,
KOR,LFPR,15_64,PC_AGE,A,1995,64.85693087,
KOR,LFPR,15_64,PC_AGE,A,1996,65.0890957,
KOR,LFPR,15_64,PC_AGE,A,1997,65.51173209,
KOR,LFPR,15_64,PC_AGE,A,1998,63.76591592,
KOR,LFPR,15_64,PC_AGE,A,1999,63.75149857,
KOR,LFPR,15_64,PC_AGE,A,2000,64.43368923,
KOR,LFPR,15_64,PC_AGE,A,2001,64.84738458,
KOR,LFPR,15_64,PC_AGE,A,2002,65.57817266,
KOR,LFPR,15_64,PC_AGE,A,2003,65.39348347,
KOR,LFPR,15_64,PC_AGE,A,2004,66.12036692,
KOR,LFPR,15_64,PC_AGE,A,2005,66.28149052,
KOR,LFPR,15_64,PC_AGE,A,2006,66.20918682,
KOR,LFPR,15_64,PC_AGE,A,2007,66.16618076,
KOR,LFPR,15_64,PC_AGE,A,2008,65.9983219,
KOR,LFPR,15_64,PC_AGE,A,2009,65.43995414,
KOR,LFPR,15_64,PC_AGE,A,2010,65.82170565,
KOR,LFPR,15_64,PC_AGE,A,2011,66.15755899,
KOR,LFPR,15_64,PC_AGE,A,2012,66.41740389,
KOR,LFPR,15_64,PC_AGE,A,2013,66.607512,
KOR,LFPR,15_64,PC_AGE,A,2014,67.82728202,
KOR,LFPR,15_64,PC_AGE,A,2015,68.29982954,
KOR,LFPR,15_64,PC_AGE,A,2016,68.70427945,
LUX,LFPR,15_64,PC_AGE,A,1983,60.58255623,
LUX,LFPR,15_64,PC_AGE,A,1984,60.55372562,
LUX,LFPR,15_64,PC_AGE,A,1985,60.24874337,
LUX,LFPR,15_64,PC_AGE,A,1986,61.101771,
LUX,LFPR,15_64,PC_AGE,A,1987,61.68654467,
LUX,LFPR,15_64,PC_AGE,A,1988,59.99663666,
LUX,LFPR,15_64,PC_AGE,A,1989,60.20442939,
LUX,LFPR,15_64,PC_AGE,A,1990,60.1366469,
LUX,LFPR,15_64,PC_AGE,A,1991,61.69492291,
LUX,LFPR,15_64,PC_AGE,A,1992,62.76323636,
LUX,LFPR,15_64,PC_AGE,A,1993,62.40104994,
LUX,LFPR,15_64,PC_AGE,A,1994,62.34729162,
LUX,LFPR,15_64,PC_AGE,A,1995,60.28876356,
LUX,LFPR,15_64,PC_AGE,A,1996,61.1469571,
LUX,LFPR,15_64,PC_AGE,A,1997,61.51175752,
LUX,LFPR,15_64,PC_AGE,A,1998,61.94098452,
LUX,LFPR,15_64,PC_AGE,A,1999,63.06361624,
LUX,LFPR,15_64,PC_AGE,A,2000,64.2159144,
LUX,LFPR,15_64,PC_AGE,A,2001,64.12767756,
LUX,LFPR,15_64,PC_AGE,A,2002,65.34999126,
LUX,LFPR,15_64,PC_AGE,A,2003,64.57274962,
LUX,LFPR,15_64,PC_AGE,A,2004,65.83070819,
LUX,LFPR,15_64,PC_AGE,A,2005,66.59158691,
LUX,LFPR,15_64,PC_AGE,A,2006,66.72201906,
LUX,LFPR,15_64,PC_AGE,A,2007,66.8925015,
LUX,LFPR,15_64,PC_AGE,A,2008,66.79922493,
LUX,LFPR,15_64,PC_AGE,A,2009,68.7379486,
LUX,LFPR,15_64,PC_AGE,A,2010,68.21207996,
LUX,LFPR,15_64,PC_AGE,A,2011,67.9482236,
LUX,LFPR,15_64,PC_AGE,A,2012,69.43533017,
LUX,LFPR,15_64,PC_AGE,A,2013,69.85342495,
LUX,LFPR,15_64,PC_AGE,A,2014,70.80417784,
LUX,LFPR,15_64,PC_AGE,A,2015,70.87806821,
LUX,LFPR,15_64,PC_AGE,A,2016,69.96596792,
MEX,LFPR,15_64,PC_AGE,A,1991,59.87736896,
MEX,LFPR,15_64,PC_AGE,A,1992,60.58338228,
MEX,LFPR,15_64,PC_AGE,A,1993,61.35735085,
MEX,LFPR,15_64,PC_AGE,A,1994,61.4229068,
MEX,LFPR,15_64,PC_AGE,A,1995,61.5206841,
MEX,LFPR,15_64,PC_AGE,A,1996,61.46803528,
MEX,LFPR,15_64,PC_AGE,A,1997,62.89211546,
MEX,LFPR,15_64,PC_AGE,A,1998,62.66901493,
MEX,LFPR,15_64,PC_AGE,A,1999,62.00499165,
MEX,LFPR,15_64,PC_AGE,A,2000,61.70183735,
MEX,LFPR,15_64,PC_AGE,A,2001,60.9961099,
MEX,LFPR,15_64,PC_AGE,A,2002,61.14627589,
MEX,LFPR,15_64,PC_AGE,A,2003,60.69588316,
MEX,LFPR,15_64,PC_AGE,A,2004,62.20808386,
MEX,LFPR,15_64,PC_AGE,A,2005,62.34754093,
MEX,LFPR,15_64,PC_AGE,A,2006,63.2957778,
MEX,LFPR,15_64,PC_AGE,A,2007,63.3896247,
MEX,LFPR,15_64,PC_AGE,A,2008,63.21167524,
MEX,LFPR,15_64,PC_AGE,A,2009,63.30859985,
MEX,LFPR,15_64,PC_AGE,A,2010,63.1380368,
MEX,LFPR,15_64,PC_AGE,A,2011,63.43107725,
MEX,LFPR,15_64,PC_AGE,A,2012,64.17354763,
MEX,LFPR,15_64,PC_AGE,A,2013,64.11613596,
MEX,LFPR,15_64,PC_AGE,A,2014,63.58953659,
MEX,LFPR,15_64,PC_AGE,A,2015,63.61087478,
MEX,LFPR,15_64,PC_AGE,A,2016,63.6156565,
NLD,LFPR,15_64,PC_AGE,A,1971,57.46098142,
NLD,LFPR,15_64,PC_AGE,A,1972,57.33402539,
NLD,LFPR,15_64,PC_AGE,A,1973,56.9384532,
NLD,LFPR,15_64,PC_AGE,A,1974,56.67159092,
NLD,LFPR,15_64,PC_AGE,A,1975,56.4492106,
NLD,LFPR,15_64,PC_AGE,A,1976,56.19321709,
NLD,LFPR,15_64,PC_AGE,A,1977,56.13171291,
NLD,LFPR,15_64,PC_AGE,A,1978,56.08391147,
NLD,LFPR,15_64,PC_AGE,A,1979,56.24457936,
NLD,LFPR,15_64,PC_AGE,A,1980,57.11508471,
NLD,LFPR,15_64,PC_AGE,A,1981,58.25024768,
NLD,LFPR,15_64,PC_AGE,A,1982,58.44353435,
NLD,LFPR,15_64,PC_AGE,A,1983,58.83941455,
NLD,LFPR,15_64,PC_AGE,A,1984,58.50534896,
NLD,LFPR,15_64,PC_AGE,A,1985,58.30822104,
NLD,LFPR,15_64,PC_AGE,A,1986,58.30804855,
NLD,LFPR,15_64,PC_AGE,A,1987,64.25953442,
NLD,LFPR,15_64,PC_AGE,A,1988,65.24516066,
NLD,LFPR,15_64,PC_AGE,A,1989,65.58225869,
NLD,LFPR,15_64,PC_AGE,A,1990,66.72817325,
NLD,LFPR,15_64,PC_AGE,A,1991,67.59232475,
NLD,LFPR,15_64,PC_AGE,A,1992,67.49130267,
NLD,LFPR,15_64,PC_AGE,A,1993,67.99424184,
NLD,LFPR,15_64,PC_AGE,A,1994,68.60853787,
NLD,LFPR,15_64,PC_AGE,A,1995,70.1057445,
NLD,LFPR,15_64,PC_AGE,A,1996,70.54579972,
NLD,LFPR,15_64,PC_AGE,A,1997,71.8084603,
NLD,LFPR,15_64,PC_AGE,A,1998,72.64755799,
NLD,LFPR,15_64,PC_AGE,A,1999,73.4339835,
NLD,LFPR,15_64,PC_AGE,A,2000,74.34057228,
NLD,LFPR,15_64,PC_AGE,A,2001,74.4537037,
NLD,LFPR,15_64,PC_AGE,A,2002,75.34297026,
NLD,LFPR,15_64,PC_AGE,A,2003,74.65835091,
NLD,LFPR,15_64,PC_AGE,A,2004,74.92906178,
NLD,LFPR,15_64,PC_AGE,A,2005,75.4798026,
NLD,LFPR,15_64,PC_AGE,A,2006,75.79437546,
NLD,LFPR,15_64,PC_AGE,A,2007,77.14259664,
NLD,LFPR,15_64,PC_AGE,A,2008,78.25968358,
NLD,LFPR,15_64,PC_AGE,A,2009,78.50009079,
NLD,LFPR,15_64,PC_AGE,A,2010,78.21746233,
NLD,LFPR,15_64,PC_AGE,A,2011,78.37198727,
NLD,LFPR,15_64,PC_AGE,A,2012,79.27519477,
NLD,LFPR,15_64,PC_AGE,A,2013,79.67173862,
NLD,LFPR,15_64,PC_AGE,A,2014,79.30080333,
NLD,LFPR,15_64,PC_AGE,A,2015,79.62243514,
NLD,LFPR,15_64,PC_AGE,A,2016,79.66798849,
NZL,LFPR,15_64,PC_AGE,A,1986,75.33145599,
NZL,LFPR,15_64,PC_AGE,A,1987,75.18037582,
NZL,LFPR,15_64,PC_AGE,A,1988,73.7300303,
NZL,LFPR,15_64,PC_AGE,A,1989,72.49854508,
NZL,LFPR,15_64,PC_AGE,A,1990,72.97945071,
NZL,LFPR,15_64,PC_AGE,A,1991,73.12587646,
NZL,LFPR,15_64,PC_AGE,A,1992,72.78695677,
NZL,LFPR,15_64,PC_AGE,A,1993,72.84232318,
NZL,LFPR,15_64,PC_AGE,A,1994,73.73432728,
NZL,LFPR,15_64,PC_AGE,A,1995,74.5360094,
NZL,LFPR,15_64,PC_AGE,A,1996,75.43071632,
NZL,LFPR,15_64,PC_AGE,A,1997,75.35778182,
NZL,LFPR,15_64,PC_AGE,A,1998,74.93248433,
NZL,LFPR,15_64,PC_AGE,A,1999,74.88480276,
NZL,LFPR,15_64,PC_AGE,A,2000,74.99701436,
NZL,LFPR,15_64,PC_AGE,A,2001,75.54888578,
NZL,LFPR,15_64,PC_AGE,A,2002,76.18236748,
NZL,LFPR,15_64,PC_AGE,A,2003,75.81724112,
NZL,LFPR,15_64,PC_AGE,A,2004,76.29049707,
NZL,LFPR,15_64,PC_AGE,A,2005,77.2088431,
NZL,LFPR,15_64,PC_AGE,A,2006,77.81630325,
NZL,LFPR,15_64,PC_AGE,A,2007,78.05943387,
NZL,LFPR,15_64,PC_AGE,A,2008,77.91284514,
NZL,LFPR,15_64,PC_AGE,A,2009,77.69748641,
NZL,LFPR,15_64,PC_AGE,A,2010,77.44043035,
NZL,LFPR,15_64,PC_AGE,A,2011,77.74647908,
NZL,LFPR,15_64,PC_AGE,A,2012,77.57002822,
NZL,LFPR,15_64,PC_AGE,A,2013,77.92153789,
NZL,LFPR,15_64,PC_AGE,A,2014,78.97287284,
NZL,LFPR,15_64,PC_AGE,A,2015,79.0321493,
NZL,LFPR,15_64,PC_AGE,A,2016,79.85423287,
NOR,LFPR,15_64,PC_AGE,A,1972,65.76763485,
NOR,LFPR,15_64,PC_AGE,A,1973,65.96273292,
NOR,LFPR,15_64,PC_AGE,A,1974,66.02221308,
NOR,LFPR,15_64,PC_AGE,A,1975,66.54676259,
NOR,LFPR,15_64,PC_AGE,A,1976,68.8172043,
NOR,LFPR,15_64,PC_AGE,A,1977,69.61172742,
NOR,LFPR,15_64,PC_AGE,A,1978,70.4518664,
NOR,LFPR,15_64,PC_AGE,A,1979,71.00429855,
NOR,LFPR,15_64,PC_AGE,A,1980,73.46534653,
NOR,LFPR,15_64,PC_AGE,A,1981,73.88059701,
NOR,LFPR,15_64,PC_AGE,A,1982,74.18604651,
NOR,LFPR,15_64,PC_AGE,A,1983,76.21110673,
NOR,LFPR,15_64,PC_AGE,A,1984,76.35082224,
NOR,LFPR,15_64,PC_AGE,A,1985,77.05108359,
NOR,LFPR,15_64,PC_AGE,A,1986,78.65384615,
NOR,LFPR,15_64,PC_AGE,A,1987,79.62049336,
NOR,LFPR,15_64,PC_AGE,A,1988,79.0715088,
NOR,LFPR,15_64,PC_AGE,A,1989,77.79433681,
NOR,LFPR,15_64,PC_AGE,A,1990,77.14604236,
NOR,LFPR,15_64,PC_AGE,A,1991,76.33813215,
NOR,LFPR,15_64,PC_AGE,A,1992,76.20967742,
NOR,LFPR,15_64,PC_AGE,A,1993,75.89481373,
NOR,LFPR,15_64,PC_AGE,A,1994,76.37222828,
NOR,LFPR,15_64,PC_AGE,A,1995,77.35644637,
NOR,LFPR,15_64,PC_AGE,A,1996,79.15918074,
NOR,LFPR,15_64,PC_AGE,A,1997,80.20721686,
NOR,LFPR,15_64,PC_AGE,A,1998,80.90007087,
NOR,LFPR,15_64,PC_AGE,A,1999,80.63949403,
NOR,LFPR,15_64,PC_AGE,A,2000,80.69013594,
NOR,LFPR,15_64,PC_AGE,A,2001,80.26315789,
NOR,LFPR,15_64,PC_AGE,A,2002,80.30250945,
NOR,LFPR,15_64,PC_AGE,A,2003,79.3385612,
NOR,LFPR,15_64,PC_AGE,A,2004,79.1059939,
NOR,LFPR,15_64,PC_AGE,A,2005,78.87505717,
NOR,LFPR,15_64,PC_AGE,A,2006,78.19259838,
NOR,LFPR,15_64,PC_AGE,A,2007,78.92013498,
NOR,LFPR,15_64,PC_AGE,A,2008,80.19488737,
NOR,LFPR,15_64,PC_AGE,A,2009,79.00628498,
NOR,LFPR,15_64,PC_AGE,A,2010,78.24743542,
NOR,LFPR,15_64,PC_AGE,A,2011,77.95042432,
NOR,LFPR,15_64,PC_AGE,A,2012,78.37593168,
NOR,LFPR,15_64,PC_AGE,A,2013,78.29501363,
NOR,LFPR,15_64,PC_AGE,A,2014,78.1318361,
NOR,LFPR,15_64,PC_AGE,A,2015,78.39517042,
NOR,LFPR,15_64,PC_AGE,A,2016,78.17895824,
POL,LFPR,15_64,PC_AGE,A,1992,69.38410244,
POL,LFPR,15_64,PC_AGE,A,1993,68.81802049,
POL,LFPR,15_64,PC_AGE,A,1994,68.40588066,
POL,LFPR,15_64,PC_AGE,A,1995,67.36647239,
POL,LFPR,15_64,PC_AGE,A,1996,66.88155771,
POL,LFPR,15_64,PC_AGE,A,1997,66.44113216,
POL,LFPR,15_64,PC_AGE,A,1998,65.87228007,
POL,LFPR,15_64,PC_AGE,A,1999,65.94860017,
POL,LFPR,15_64,PC_AGE,A,2000,65.7640157,
POL,LFPR,15_64,PC_AGE,A,2001,65.6665122,
POL,LFPR,15_64,PC_AGE,A,2002,64.79262107,
POL,LFPR,15_64,PC_AGE,A,2003,64.24598269,
POL,LFPR,15_64,PC_AGE,A,2004,64.24737797,
POL,LFPR,15_64,PC_AGE,A,2005,64.60305899,
POL,LFPR,15_64,PC_AGE,A,2006,63.35836686,
POL,LFPR,15_64,PC_AGE,A,2007,63.16005612,
POL,LFPR,15_64,PC_AGE,A,2008,63.8257208,
POL,LFPR,15_64,PC_AGE,A,2009,64.69248205,
POL,LFPR,15_64,PC_AGE,A,2010,65.31512532,
POL,LFPR,15_64,PC_AGE,A,2011,65.73345575,
POL,LFPR,15_64,PC_AGE,A,2012,66.48831019,
POL,LFPR,15_64,PC_AGE,A,2013,66.9973125,
POL,LFPR,15_64,PC_AGE,A,2014,67.85715694,
POL,LFPR,15_64,PC_AGE,A,2015,68.10741192,
POL,LFPR,15_64,PC_AGE,A,2016,68.80904276,
PRT,LFPR,15_64,PC_AGE,A,1974,67.90833944,
PRT,LFPR,15_64,PC_AGE,A,1975,67.13754901,
PRT,LFPR,15_64,PC_AGE,A,1976,67.44928845,
PRT,LFPR,15_64,PC_AGE,A,1977,67.88763971,
PRT,LFPR,15_64,PC_AGE,A,1978,67.91427215,
PRT,LFPR,15_64,PC_AGE,A,1979,69.07932173,
PRT,LFPR,15_64,PC_AGE,A,1980,69.17315128,
PRT,LFPR,15_64,PC_AGE,A,1981,69.76122623,
PRT,LFPR,15_64,PC_AGE,A,1982,68.99996798,
PRT,LFPR,15_64,PC_AGE,A,1983,69.85304586,
PRT,LFPR,15_64,PC_AGE,A,1984,68.33670741,
PRT,LFPR,15_64,PC_AGE,A,1985,67.3277852,
PRT,LFPR,15_64,PC_AGE,A,1986,67.1832366,
PRT,LFPR,15_64,PC_AGE,A,1987,67.42136476,
PRT,LFPR,15_64,PC_AGE,A,1988,67.75654298,
PRT,LFPR,15_64,PC_AGE,A,1989,68.26975658,
PRT,LFPR,15_64,PC_AGE,A,1990,68.83984996,
PRT,LFPR,15_64,PC_AGE,A,1991,70.08675148,
PRT,LFPR,15_64,PC_AGE,A,1992,68.21207941,
PRT,LFPR,15_64,PC_AGE,A,1993,67.54548442,
PRT,LFPR,15_64,PC_AGE,A,1994,67.33137657,
PRT,LFPR,15_64,PC_AGE,A,1995,66.90873203,
PRT,LFPR,15_64,PC_AGE,A,1996,67.18081563,
PRT,LFPR,15_64,PC_AGE,A,1997,68.25295004,
PRT,LFPR,15_64,PC_AGE,A,1998,70.39580988,
PRT,LFPR,15_64,PC_AGE,A,1999,70.63813232,
PRT,LFPR,15_64,PC_AGE,A,2000,71.22350786,
PRT,LFPR,15_64,PC_AGE,A,2001,71.94791783,
PRT,LFPR,15_64,PC_AGE,A,2002,72.58117526,
PRT,LFPR,15_64,PC_AGE,A,2003,72.7434653,
PRT,LFPR,15_64,PC_AGE,A,2004,72.68672167,
PRT,LFPR,15_64,PC_AGE,A,2005,73.19832979,
PRT,LFPR,15_64,PC_AGE,A,2006,73.61826931,
PRT,LFPR,15_64,PC_AGE,A,2007,73.866996,
PRT,LFPR,15_64,PC_AGE,A,2008,73.94122054,
PRT,LFPR,15_64,PC_AGE,A,2009,73.42542923,
PRT,LFPR,15_64,PC_AGE,A,2010,73.67437763,
PRT,LFPR,15_64,PC_AGE,A,2011,73.63157011,
PRT,LFPR,15_64,PC_AGE,A,2012,73.40721751,
PRT,LFPR,15_64,PC_AGE,A,2013,73.04299778,
PRT,LFPR,15_64,PC_AGE,A,2014,73.2367831,
PRT,LFPR,15_64,PC_AGE,A,2015,73.39908033,
PRT,LFPR,15_64,PC_AGE,A,2016,73.72710541,
SVK,LFPR,15_64,PC_AGE,A,1994,69.32255033,
SVK,LFPR,15_64,PC_AGE,A,1995,69.29552878,
SVK,LFPR,15_64,PC_AGE,A,1996,69.76679313,
SVK,LFPR,15_64,PC_AGE,A,1997,69.35259794,
SVK,LFPR,15_64,PC_AGE,A,1998,69.29196939,
SVK,LFPR,15_64,PC_AGE,A,1999,69.50886021,
SVK,LFPR,15_64,PC_AGE,A,2000,69.88248673,
SVK,LFPR,15_64,PC_AGE,A,2001,70.47376191,
SVK,LFPR,15_64,PC_AGE,A,2002,69.89443224,
SVK,LFPR,15_64,PC_AGE,A,2003,70.04282655,
SVK,LFPR,15_64,PC_AGE,A,2004,69.65631754,
SVK,LFPR,15_64,PC_AGE,A,2005,68.87204287,
SVK,LFPR,15_64,PC_AGE,A,2006,68.54642432,
SVK,LFPR,15_64,PC_AGE,A,2007,68.21188325,
SVK,LFPR,15_64,PC_AGE,A,2008,68.88101017,
SVK,LFPR,15_64,PC_AGE,A,2009,68.43251574,
SVK,LFPR,15_64,PC_AGE,A,2010,68.65014233,
SVK,LFPR,15_64,PC_AGE,A,2011,68.70656283,
SVK,LFPR,15_64,PC_AGE,A,2012,69.4209261,
SVK,LFPR,15_64,PC_AGE,A,2013,69.84625259,
SVK,LFPR,15_64,PC_AGE,A,2014,70.25833634,
SVK,LFPR,15_64,PC_AGE,A,2015,70.90657537,
SVK,LFPR,15_64,PC_AGE,A,2016,71.83716197,
ESP,LFPR,15_64,PC_AGE,A,1972,59.00484069,
ESP,LFPR,15_64,PC_AGE,A,1973,60.37116325,
ESP,LFPR,15_64,PC_AGE,A,1974,60.61246698,
ESP,LFPR,15_64,PC_AGE,A,1975,59.7708738,
ESP,LFPR,15_64,PC_AGE,A,1976,60.74010096,
ESP,LFPR,15_64,PC_AGE,A,1977,60.42674345,
ESP,LFPR,15_64,PC_AGE,A,1978,60.17561445,
ESP,LFPR,15_64,PC_AGE,A,1979,59.86654298,
ESP,LFPR,15_64,PC_AGE,A,1980,59.41755468,
ESP,LFPR,15_64,PC_AGE,A,1981,58.96110344,
ESP,LFPR,15_64,PC_AGE,A,1982,59.09927894,
ESP,LFPR,15_64,PC_AGE,A,1983,59.21712393,
ESP,LFPR,15_64,PC_AGE,A,1984,58.96184169,
ESP,LFPR,15_64,PC_AGE,A,1985,58.6713121,
ESP,LFPR,15_64,PC_AGE,A,1986,58.78114928,
ESP,LFPR,15_64,PC_AGE,A,1987,60.44320833,
ESP,LFPR,15_64,PC_AGE,A,1988,61.27909366,
ESP,LFPR,15_64,PC_AGE,A,1989,61.29820923,
ESP,LFPR,15_64,PC_AGE,A,1990,61.73297665,
ESP,LFPR,15_64,PC_AGE,A,1991,61.85999393,
ESP,LFPR,15_64,PC_AGE,A,1992,61.72261356,
ESP,LFPR,15_64,PC_AGE,A,1993,61.97510393,
ESP,LFPR,15_64,PC_AGE,A,1994,62.39987927,
ESP,LFPR,15_64,PC_AGE,A,1995,62.55827192,
ESP,LFPR,15_64,PC_AGE,A,1996,63.23934883,
ESP,LFPR,15_64,PC_AGE,A,1997,63.91177333,
ESP,LFPR,15_64,PC_AGE,A,1998,64.49414165,
ESP,LFPR,15_64,PC_AGE,A,1999,65.27315054,
ESP,LFPR,15_64,PC_AGE,A,2000,66.69658988,
ESP,LFPR,15_64,PC_AGE,A,2001,65.76600949,
ESP,LFPR,15_64,PC_AGE,A,2002,67.67605894,
ESP,LFPR,15_64,PC_AGE,A,2003,69.08704473,
ESP,LFPR,15_64,PC_AGE,A,2004,69.97384241,
ESP,LFPR,15_64,PC_AGE,A,2005,71.08222766,
ESP,LFPR,15_64,PC_AGE,A,2006,72.12945531,
ESP,LFPR,15_64,PC_AGE,A,2007,72.81102799,
ESP,LFPR,15_64,PC_AGE,A,2008,73.78940013,
ESP,LFPR,15_64,PC_AGE,A,2009,74.12807035,
ESP,LFPR,15_64,PC_AGE,A,2010,74.55392973,
ESP,LFPR,15_64,PC_AGE,A,2011,74.92485925,
ESP,LFPR,15_64,PC_AGE,A,2012,75.28467727,
ESP,LFPR,15_64,PC_AGE,A,2013,75.31136549,
ESP,LFPR,15_64,PC_AGE,A,2014,75.2642239,
ESP,LFPR,15_64,PC_AGE,A,2015,75.45164008,
ESP,LFPR,15_64,PC_AGE,A,2016,75.35995216,
SWE,LFPR,15_64,PC_AGE,A,1963,72.29333604,
SWE,LFPR,15_64,PC_AGE,A,1964,71.89738431,
SWE,LFPR,15_64,PC_AGE,A,1965,71.6433685,
SWE,LFPR,15_64,PC_AGE,A,1966,72.13649207,
SWE,LFPR,15_64,PC_AGE,A,1967,71.69291339,
SWE,LFPR,15_64,PC_AGE,A,1968,72.36056559,
SWE,LFPR,15_64,PC_AGE,A,1969,72.68214509,
SWE,LFPR,15_64,PC_AGE,A,1970,73.34418163,
SWE,LFPR,15_64,PC_AGE,A,1971,74.08615432,
SWE,LFPR,15_64,PC_AGE,A,1972,74.43995593,
SWE,LFPR,15_64,PC_AGE,A,1973,74.92294869,
SWE,LFPR,15_64,PC_AGE,A,1974,76.47298635,
SWE,LFPR,15_64,PC_AGE,A,1975,78.20555092,
SWE,LFPR,15_64,PC_AGE,A,1976,79.30585262,
SWE,LFPR,15_64,PC_AGE,A,1977,79.55512573,
SWE,LFPR,15_64,PC_AGE,A,1978,80.12550685,
SWE,LFPR,15_64,PC_AGE,A,1979,81.11753372,
SWE,LFPR,15_64,PC_AGE,A,1980,81.67242041,
SWE,LFPR,15_64,PC_AGE,A,1981,81.74851901,
SWE,LFPR,15_64,PC_AGE,A,1982,81.98019802,
SWE,LFPR,15_64,PC_AGE,A,1983,82.16888046,
SWE,LFPR,15_64,PC_AGE,A,1984,82.24848714,
SWE,LFPR,15_64,PC_AGE,A,1985,82.84228442,
SWE,LFPR,15_64,PC_AGE,A,1986,83.1505295,
SWE,LFPR,15_64,PC_AGE,A,1987,83.39309304,
SWE,LFPR,15_64,PC_AGE,A,1988,83.75281743,
SWE,LFPR,15_64,PC_AGE,A,1989,84.26651736,
SWE,LFPR,15_64,PC_AGE,A,1990,84.67383247,
SWE,LFPR,15_64,PC_AGE,A,1991,83.76934414,
SWE,LFPR,15_64,PC_AGE,A,1992,81.99669664,
SWE,LFPR,15_64,PC_AGE,A,1993,80.20509064,
SWE,LFPR,15_64,PC_AGE,A,1994,79.18486172,
SWE,LFPR,15_64,PC_AGE,A,1995,79.51829047,
SWE,LFPR,15_64,PC_AGE,A,1996,79.54135067,
SWE,LFPR,15_64,PC_AGE,A,1997,78.69502523,
SWE,LFPR,15_64,PC_AGE,A,1998,78.12331476,
SWE,LFPR,15_64,PC_AGE,A,1999,78.49462366,
SWE,LFPR,15_64,PC_AGE,A,2000,78.97001071,
SWE,LFPR,15_64,PC_AGE,A,2001,79.41072062,
SWE,LFPR,15_64,PC_AGE,A,2002,79.32427664,
SWE,LFPR,15_64,PC_AGE,A,2003,79.02244826,
SWE,LFPR,15_64,PC_AGE,A,2004,78.87331311,
SWE,LFPR,15_64,PC_AGE,A,2005,80.24575816,
SWE,LFPR,15_64,PC_AGE,A,2006,80.3076078,
SWE,LFPR,15_64,PC_AGE,A,2007,79.11875066,
SWE,LFPR,15_64,PC_AGE,A,2008,79.34007164,
SWE,LFPR,15_64,PC_AGE,A,2009,78.88629641,
SWE,LFPR,15_64,PC_AGE,A,2010,79.0454188,
SWE,LFPR,15_64,PC_AGE,A,2011,79.93716044,
SWE,LFPR,15_64,PC_AGE,A,2012,80.30275755,
SWE,LFPR,15_64,PC_AGE,A,2013,81.09336318,
SWE,LFPR,15_64,PC_AGE,A,2014,81.51003024,
SWE,LFPR,15_64,PC_AGE,A,2015,81.73473016,
SWE,LFPR,15_64,PC_AGE,A,2016,82.04897001,
CHE,LFPR,15_64,PC_AGE,A,1991,79.665422,
CHE,LFPR,15_64,PC_AGE,A,1992,80.26703534,
CHE,LFPR,15_64,PC_AGE,A,1993,80.39652614,
CHE,LFPR,15_64,PC_AGE,A,1994,79.24006637,
CHE,LFPR,15_64,PC_AGE,A,1995,79.4103596,
CHE,LFPR,15_64,PC_AGE,A,1996,79.98746646,
CHE,LFPR,15_64,PC_AGE,A,1997,80.25523711,
CHE,LFPR,15_64,PC_AGE,A,1998,81.00247922,
CHE,LFPR,15_64,PC_AGE,A,1999,80.9121743,
CHE,LFPR,15_64,PC_AGE,A,2000,80.51600423,
CHE,LFPR,15_64,PC_AGE,A,2001,81.19719834,
CHE,LFPR,15_64,PC_AGE,A,2002,81.31044391,
CHE,LFPR,15_64,PC_AGE,A,2003,81.34177597,
CHE,LFPR,15_64,PC_AGE,A,2004,80.96429907,
CHE,LFPR,15_64,PC_AGE,A,2005,80.85155427,
CHE,LFPR,15_64,PC_AGE,A,2006,81.2432844,
CHE,LFPR,15_64,PC_AGE,A,2007,81.61866909,
CHE,LFPR,15_64,PC_AGE,A,2008,82.3119051,
CHE,LFPR,15_64,PC_AGE,A,2009,82.49353442,
CHE,LFPR,15_64,PC_AGE,A,2010,81.29963427,
CHE,LFPR,15_64,PC_AGE,A,2011,82.05104421,
CHE,LFPR,15_64,PC_AGE,A,2012,82.28598201,
CHE,LFPR,15_64,PC_AGE,A,2013,82.39812814,
CHE,LFPR,15_64,PC_AGE,A,2014,82.88102449,
CHE,LFPR,15_64,PC_AGE,A,2015,83.28790935,
CHE,LFPR,15_64,PC_AGE,A,2016,83.87301472,
TUR,LFPR,15_64,PC_AGE,A,1988,60.05212803,
TUR,LFPR,15_64,PC_AGE,A,1989,60.70489546,
TUR,LFPR,15_64,PC_AGE,A,1990,59.39938305,
TUR,LFPR,15_64,PC_AGE,A,1991,59.95824574,
TUR,LFPR,15_64,PC_AGE,A,1992,58.82302917,
TUR,LFPR,15_64,PC_AGE,A,1993,54.98298896,
TUR,LFPR,15_64,PC_AGE,A,1994,57.48235167,
TUR,LFPR,15_64,PC_AGE,A,1995,56.81752591,
TUR,LFPR,15_64,PC_AGE,A,1996,56.36149574,
TUR,LFPR,15_64,PC_AGE,A,1997,55.2073963,
TUR,LFPR,15_64,PC_AGE,A,1998,55.30734449,
TUR,LFPR,15_64,PC_AGE,A,1999,55.16515583,
TUR,LFPR,15_64,PC_AGE,A,2000,52.4054257,
TUR,LFPR,15_64,PC_AGE,A,2001,52.31618916,
TUR,LFPR,15_64,PC_AGE,A,2002,52.27252171,
TUR,LFPR,15_64,PC_AGE,A,2003,51.0606128,
TUR,LFPR,15_64,PC_AGE,A,2004,49.64125665,
TUR,LFPR,15_64,PC_AGE,A,2005,49.84260231,
TUR,LFPR,15_64,PC_AGE,A,2006,49.7768608,
TUR,LFPR,15_64,PC_AGE,A,2007,49.83005959,
TUR,LFPR,15_64,PC_AGE,A,2008,50.56786041,
TUR,LFPR,15_64,PC_AGE,A,2009,51.66214165,
TUR,LFPR,15_64,PC_AGE,A,2010,52.67808306,
TUR,LFPR,15_64,PC_AGE,A,2011,53.81518642,
TUR,LFPR,15_64,PC_AGE,A,2012,53.97904276,
TUR,LFPR,15_64,PC_AGE,A,2013,54.97589737,
TUR,LFPR,15_64,PC_AGE,A,2014,55.1120091,
TUR,LFPR,15_64,PC_AGE,A,2015,56.08848219,
TUR,LFPR,15_64,PC_AGE,A,2016,56.97908094,
GBR,LFPR,15_64,PC_AGE,A,1984,74.80361899,
GBR,LFPR,15_64,PC_AGE,A,1985,75.2034019,
GBR,LFPR,15_64,PC_AGE,A,1986,75.61763795,
GBR,LFPR,15_64,PC_AGE,A,1987,76.01529234,
GBR,LFPR,15_64,PC_AGE,A,1988,76.73935783,
GBR,LFPR,15_64,PC_AGE,A,1989,77.60342204,
GBR,LFPR,15_64,PC_AGE,A,1990,77.80390334,
GBR,LFPR,15_64,PC_AGE,A,1991,77.34019994,
GBR,LFPR,15_64,PC_AGE,A,1992,76.4913053,
GBR,LFPR,15_64,PC_AGE,A,1993,76.13633235,
GBR,LFPR,15_64,PC_AGE,A,1994,76.02070314,
GBR,LFPR,15_64,PC_AGE,A,1995,75.77789995,
GBR,LFPR,15_64,PC_AGE,A,1996,75.93978778,
GBR,LFPR,15_64,PC_AGE,A,1997,76.02187286,
GBR,LFPR,15_64,PC_AGE,A,1998,75.6993293,
GBR,LFPR,15_64,PC_AGE,A,1999,76.1112167,
GBR,LFPR,15_64,PC_AGE,A,2000,76.38190955,
GBR,LFPR,15_64,PC_AGE,A,2001,76.10429365,
GBR,LFPR,15_64,PC_AGE,A,2002,76.38265927,
GBR,LFPR,15_64,PC_AGE,A,2003,76.42151862,
GBR,LFPR,15_64,PC_AGE,A,2004,76.31758722,
GBR,LFPR,15_64,PC_AGE,A,2005,76.29912317,
GBR,LFPR,15_64,PC_AGE,A,2006,76.82914721,
GBR,LFPR,15_64,PC_AGE,A,2007,76.51037495,
GBR,LFPR,15_64,PC_AGE,A,2008,76.78134338,
GBR,LFPR,15_64,PC_AGE,A,2009,76.6007595,
GBR,LFPR,15_64,PC_AGE,A,2010,76.25128746,
GBR,LFPR,15_64,PC_AGE,A,2011,76.37852351,
GBR,LFPR,15_64,PC_AGE,A,2012,76.94033124,
GBR,LFPR,15_64,PC_AGE,A,2013,77.19872794,
GBR,LFPR,15_64,PC_AGE,A,2014,77.58186832,
GBR,LFPR,15_64,PC_AGE,A,2015,77.62962462,
GBR,LFPR,15_64,PC_AGE,A,2016,78.16177529,
USA,LFPR,15_64,PC_AGE,A,1960,65.56265571,
USA,LFPR,15_64,PC_AGE,A,1961,65.73578517,
USA,LFPR,15_64,PC_AGE,A,1962,65.44391479,
USA,LFPR,15_64,PC_AGE,A,1963,65.32873047,
USA,LFPR,15_64,PC_AGE,A,1964,65.35161409,
USA,LFPR,15_64,PC_AGE,A,1965,65.49562296,
USA,LFPR,15_64,PC_AGE,A,1966,66.01040959,
USA,LFPR,15_64,PC_AGE,A,1967,66.3441937,
USA,LFPR,15_64,PC_AGE,A,1968,66.4845846,
USA,LFPR,15_64,PC_AGE,A,1969,67.00266261,
USA,LFPR,15_64,PC_AGE,A,1970,67.37213852,
USA,LFPR,15_64,PC_AGE,A,1971,67.24336316,
USA,LFPR,15_64,PC_AGE,A,1972,67.62340655,
USA,LFPR,15_64,PC_AGE,A,1973,68.23247151,
USA,LFPR,15_64,PC_AGE,A,1974,68.9117005,
USA,LFPR,15_64,PC_AGE,A,1975,68.99391471,
USA,LFPR,15_64,PC_AGE,A,1976,69.56596329,
USA,LFPR,15_64,PC_AGE,A,1977,70.41535045,
USA,LFPR,15_64,PC_AGE,A,1978,71.48478886,
USA,LFPR,15_64,PC_AGE,A,1979,72.19178568,
USA,LFPR,15_64,PC_AGE,A,1980,72.45003278,
USA,LFPR,15_64,PC_AGE,A,1981,72.70768659,
USA,LFPR,15_64,PC_AGE,A,1982,72.96456411,
USA,LFPR,15_64,PC_AGE,A,1983,73.15790538,
USA,LFPR,15_64,PC_AGE,A,1984,73.76592197,
USA,LFPR,15_64,PC_AGE,A,1985,74.4355532,
USA,LFPR,15_64,PC_AGE,A,1986,75.00261281,
USA,LFPR,15_64,PC_AGE,A,1987,75.49063351,
USA,LFPR,15_64,PC_AGE,A,1988,75.88669303,
USA,LFPR,15_64,PC_AGE,A,1989,76.59634014,
USA,LFPR,15_64,PC_AGE,A,1990,76.53249458,
USA,LFPR,15_64,PC_AGE,A,1991,76.24934098,
USA,LFPR,15_64,PC_AGE,A,1992,76.63657718,
USA,LFPR,15_64,PC_AGE,A,1993,76.58948625,
USA,LFPR,15_64,PC_AGE,A,1994,76.73142223,
USA,LFPR,15_64,PC_AGE,A,1995,76.87286478,
USA,LFPR,15_64,PC_AGE,A,1996,77.0638996,
USA,LFPR,15_64,PC_AGE,A,1997,77.36701257,
USA,LFPR,15_64,PC_AGE,A,1998,77.36380243,
USA,LFPR,15_64,PC_AGE,A,1999,77.23156976,
USA,LFPR,15_64,PC_AGE,A,2000,77.19905533,
USA,LFPR,15_64,PC_AGE,A,2001,76.81139449,
USA,LFPR,15_64,PC_AGE,A,2002,76.39990858,
USA,LFPR,15_64,PC_AGE,A,2003,75.81921388,
USA,LFPR,15_64,PC_AGE,A,2004,75.44516792,
USA,LFPR,15_64,PC_AGE,A,2005,75.40808527,
USA,LFPR,15_64,PC_AGE,A,2006,75.54049927,
USA,LFPR,15_64,PC_AGE,A,2007,75.30106318,
USA,LFPR,15_64,PC_AGE,A,2008,75.2911619,
USA,LFPR,15_64,PC_AGE,A,2009,74.62424736,
USA,LFPR,15_64,PC_AGE,A,2010,73.90784683,
USA,LFPR,15_64,PC_AGE,A,2011,73.2918105,
USA,LFPR,15_64,PC_AGE,A,2012,73.10541367,
USA,LFPR,15_64,PC_AGE,A,2013,72.81069082,
USA,LFPR,15_64,PC_AGE,A,2014,72.69677369,
USA,LFPR,15_64,PC_AGE,A,2015,72.60601195,
USA,LFPR,15_64,PC_AGE,A,2016,72.95221968,
G7M,LFPR,15_64,PC_AGE,A,1960,65.56265571,
G7M,LFPR,15_64,PC_AGE,A,1961,65.73578517,
G7M,LFPR,15_64,PC_AGE,A,1962,51.47163775,
G7M,LFPR,15_64,PC_AGE,A,1963,51.68378912,
G7M,LFPR,15_64,PC_AGE,A,1964,51.56025827,
G7M,LFPR,15_64,PC_AGE,A,1965,51.62043087,
G7M,LFPR,15_64,PC_AGE,A,1966,52.2346026,
G7M,LFPR,15_64,PC_AGE,A,1967,52.2158266,
G7M,LFPR,15_64,PC_AGE,A,1968,67.20767093,
G7M,LFPR,15_64,PC_AGE,A,1969,67.37617587,
G7M,LFPR,15_64,PC_AGE,A,1970,65.88081961,
G7M,LFPR,15_64,PC_AGE,A,1971,65.77256137,
G7M,LFPR,15_64,PC_AGE,A,1972,65.84095444,
G7M,LFPR,15_64,PC_AGE,A,1973,66.26336079,
G7M,LFPR,15_64,PC_AGE,A,1974,66.35594659,
G7M,LFPR,15_64,PC_AGE,A,1975,66.28905243,
G7M,LFPR,15_64,PC_AGE,A,1976,66.66846268,
G7M,LFPR,15_64,PC_AGE,A,1977,67.61576717,
G7M,LFPR,15_64,PC_AGE,A,1978,68.15495147,
G7M,LFPR,15_64,PC_AGE,A,1979,68.73742872,
G7M,LFPR,15_64,PC_AGE,A,1980,68.9602356,
G7M,LFPR,15_64,PC_AGE,A,1981,69.12563752,
G7M,LFPR,15_64,PC_AGE,A,1982,69.22149981,
G7M,LFPR,15_64,PC_AGE,A,1983,69.26324681,
G7M,LFPR,15_64,PC_AGE,A,1984,69.82010637,
G7M,LFPR,15_64,PC_AGE,A,1985,70.15682449,
G7M,LFPR,15_64,PC_AGE,A,1986,70.56268795,
G7M,LFPR,15_64,PC_AGE,A,1987,70.87913087,
G7M,LFPR,15_64,PC_AGE,A,1988,71.16265205,
G7M,LFPR,15_64,PC_AGE,A,1989,71.65035877,
G7M,LFPR,15_64,PC_AGE,A,1990,71.84968711,
G7M,LFPR,15_64,PC_AGE,A,1991,72.11325649,
G7M,LFPR,15_64,PC_AGE,A,1992,72.28586211,
G7M,LFPR,15_64,PC_AGE,A,1993,72.23540724,
G7M,LFPR,15_64,PC_AGE,A,1994,72.2405315,
G7M,LFPR,15_64,PC_AGE,A,1995,72.30171674,
G7M,LFPR,15_64,PC_AGE,A,1996,72.59535328,
G7M,LFPR,15_64,PC_AGE,A,1997,72.89886919,
G7M,LFPR,15_64,PC_AGE,A,1998,73.06098986,
G7M,LFPR,15_64,PC_AGE,A,1999,73.11924406,
G7M,LFPR,15_64,PC_AGE,A,2000,73.24096835,
G7M,LFPR,15_64,PC_AGE,A,2001,73.20281764,
G7M,LFPR,15_64,PC_AGE,A,2002,73.14047137,
G7M,LFPR,15_64,PC_AGE,A,2003,73.09718301,
G7M,LFPR,15_64,PC_AGE,A,2004,73.19485519,
G7M,LFPR,15_64,PC_AGE,A,2005,73.36351748,
G7M,LFPR,15_64,PC_AGE,A,2006,73.70253737,
G7M,LFPR,15_64,PC_AGE,A,2007,73.77200312,
G7M,LFPR,15_64,PC_AGE,A,2008,73.913313,
G7M,LFPR,15_64,PC_AGE,A,2009,73.64852294,
G7M,LFPR,15_64,PC_AGE,A,2010,73.34124093,
G7M,LFPR,15_64,PC_AGE,A,2011,73.10469987,
G7M,LFPR,15_64,PC_AGE,A,2012,73.26584945,
G7M,LFPR,15_64,PC_AGE,A,2013,73.39519011,
G7M,LFPR,15_64,PC_AGE,A,2014,73.55178845,
G7M,LFPR,15_64,PC_AGE,A,2015,73.60602762,
G7M,LFPR,15_64,PC_AGE,A,2016,74.08819253,
BRA,LFPR,15_64,PC_AGE,A,2001,71.09771438,
BRA,LFPR,15_64,PC_AGE,A,2002,72.11829031,
BRA,LFPR,15_64,PC_AGE,A,2003,72.19246069,
BRA,LFPR,15_64,PC_AGE,A,2004,73.11623444,
BRA,LFPR,15_64,PC_AGE,A,2005,74.05407711,
BRA,LFPR,15_64,PC_AGE,A,2006,73.74223767,
BRA,LFPR,15_64,PC_AGE,A,2007,73.5117102,
BRA,LFPR,15_64,PC_AGE,A,2008,73.70640899,
BRA,LFPR,15_64,PC_AGE,A,2009,73.9450383,
BRA,LFPR,15_64,PC_AGE,A,2011,71.79955871,
BRA,LFPR,15_64,PC_AGE,A,2012,71.71384223,
BRA,LFPR,15_64,PC_AGE,A,2013,71.4037128,
BRA,LFPR,15_64,PC_AGE,A,2014,72.59685484,
BRA,LFPR,15_64,PC_AGE,A,2015,71.39552255,
BGR,LFPR,15_64,PC_AGE,A,2000,60.74969386,
BGR,LFPR,15_64,PC_AGE,A,2001,62.47592257,
BGR,LFPR,15_64,PC_AGE,A,2002,61.89776108,
BGR,LFPR,15_64,PC_AGE,A,2003,60.90877694,
BGR,LFPR,15_64,PC_AGE,A,2004,61.75688342,
BGR,LFPR,15_64,PC_AGE,A,2005,62.10589227,
BGR,LFPR,15_64,PC_AGE,A,2006,64.46125277,
BGR,LFPR,15_64,PC_AGE,A,2007,66.32794341,
BGR,LFPR,15_64,PC_AGE,A,2008,67.7966575,
BGR,LFPR,15_64,PC_AGE,A,2009,67.19346827,
BGR,LFPR,15_64,PC_AGE,A,2010,66.69264686,
BGR,LFPR,15_64,PC_AGE,A,2011,65.91565516,
BGR,LFPR,15_64,PC_AGE,A,2012,67.10330921,
BGR,LFPR,15_64,PC_AGE,A,2013,68.37987034,
BGR,LFPR,15_64,PC_AGE,A,2014,68.99542154,
BGR,LFPR,15_64,PC_AGE,A,2015,69.30971654,
BGR,LFPR,15_64,PC_AGE,A,2016,68.67888083,
CHL,LFPR,15_64,PC_AGE,A,1996,60.90942256,
CHL,LFPR,15_64,PC_AGE,A,1997,61.09453654,
CHL,LFPR,15_64,PC_AGE,A,1998,61.19802069,
CHL,LFPR,15_64,PC_AGE,A,1999,61.61523173,
CHL,LFPR,15_64,PC_AGE,A,2000,61.02035311,
CHL,LFPR,15_64,PC_AGE,A,2001,60.25672741,
CHL,LFPR,15_64,PC_AGE,A,2002,59.93762966,
CHL,LFPR,15_64,PC_AGE,A,2003,60.64980557,
CHL,LFPR,15_64,PC_AGE,A,2004,61.14168718,
CHL,LFPR,15_64,PC_AGE,A,2005,61.52309882,
CHL,LFPR,15_64,PC_AGE,A,2006,62.48956853,
CHL,LFPR,15_64,PC_AGE,A,2007,63.04372769,
CHL,LFPR,15_64,PC_AGE,A,2008,64.69316842,
CHL,LFPR,15_64,PC_AGE,A,2009,64.82222212,
CHL,LFPR,15_64,PC_AGE,A,2010,64.78031112,
CHL,LFPR,15_64,PC_AGE,A,2011,66.18875626,
CHL,LFPR,15_64,PC_AGE,A,2012,66.26942371,
CHL,LFPR,15_64,PC_AGE,A,2013,66.43737302,
CHL,LFPR,15_64,PC_AGE,A,2014,66.62756502,
CHL,LFPR,15_64,PC_AGE,A,2015,66.75687241,
CHL,LFPR,15_64,PC_AGE,A,2016,66.77853301,
CHN,LFPR,15_64,PC_AGE,A,2000,82.34600184,
CHN,LFPR,15_64,PC_AGE,A,2010,77.36830438,
COL,LFPR,15_64,PC_AGE,A,2001,71.30842178,
COL,LFPR,15_64,PC_AGE,A,2002,71.28491569,
COL,LFPR,15_64,PC_AGE,A,2003,72.05304705,
COL,LFPR,15_64,PC_AGE,A,2004,70.5533808,
COL,LFPR,15_64,PC_AGE,A,2005,69.90106674,
COL,LFPR,15_64,PC_AGE,A,2007,67.98518361,
COL,LFPR,15_64,PC_AGE,A,2008,68.40147632,
COL,LFPR,15_64,PC_AGE,A,2009,71.13756094,
COL,LFPR,15_64,PC_AGE,A,2010,72.42779531,
COL,LFPR,15_64,PC_AGE,A,2011,73.23071097,
COL,LFPR,15_64,PC_AGE,A,2012,74.21971887,
COL,LFPR,15_64,PC_AGE,A,2013,73.89120633,
COL,LFPR,15_64,PC_AGE,A,2014,74.0094718,
COL,LFPR,15_64,PC_AGE,A,2015,74.47546665,
COL,LFPR,15_64,PC_AGE,A,2016,74.26068256,
CRI,LFPR,15_64,PC_AGE,A,1987,60.39288463,
CRI,LFPR,15_64,PC_AGE,A,1988,60.49528395,
CRI,LFPR,15_64,PC_AGE,A,1989,60.10745149,
CRI,LFPR,15_64,PC_AGE,A,1990,60.45706403,
CRI,LFPR,15_64,PC_AGE,A,1991,59.748632,
CRI,LFPR,15_64,PC_AGE,A,1992,59.27585153,
CRI,LFPR,15_64,PC_AGE,A,1993,60.35529568,
CRI,LFPR,15_64,PC_AGE,A,1994,60.86875233,
CRI,LFPR,15_64,PC_AGE,A,1995,61.78313494,
CRI,LFPR,15_64,PC_AGE,A,1996,60.02059761,
CRI,LFPR,15_64,PC_AGE,A,1997,62.06369953,
CRI,LFPR,15_64,PC_AGE,A,1998,63.85701398,
CRI,LFPR,15_64,PC_AGE,A,1999,63.4411304,
CRI,LFPR,15_64,PC_AGE,A,2000,62.82882579,
CRI,LFPR,15_64,PC_AGE,A,2001,65.03241748,
CRI,LFPR,15_64,PC_AGE,A,2002,64.65911636,
CRI,LFPR,15_64,PC_AGE,A,2003,65.25893365,
CRI,LFPR,15_64,PC_AGE,A,2004,63.96368903,
CRI,LFPR,15_64,PC_AGE,A,2005,66.36067926,
CRI,LFPR,15_64,PC_AGE,A,2006,66.04154442,
CRI,LFPR,15_64,PC_AGE,A,2007,67.20000564,
CRI,LFPR,15_64,PC_AGE,A,2008,66.82096559,
CRI,LFPR,15_64,PC_AGE,A,2009,66.51342802,
CRI,LFPR,15_64,PC_AGE,A,2010,65.57152462,
CRI,LFPR,15_64,PC_AGE,A,2011,64.88599551,
CRI,LFPR,15_64,PC_AGE,A,2012,68.89562669,
CRI,LFPR,15_64,PC_AGE,A,2013,68.24050897,
CRI,LFPR,15_64,PC_AGE,A,2014,68.43192939,
CRI,LFPR,15_64,PC_AGE,A,2015,67.29817889,
CRI,LFPR,15_64,PC_AGE,A,2016,65.00711458,
HRV,LFPR,15_64,PC_AGE,A,2002,62.918119,
HRV,LFPR,15_64,PC_AGE,A,2003,62.43662439,
HRV,LFPR,15_64,PC_AGE,A,2004,63.68707162,
HRV,LFPR,15_64,PC_AGE,A,2005,63.27033054,
HRV,LFPR,15_64,PC_AGE,A,2006,62.8472851,
HRV,LFPR,15_64,PC_AGE,A,2007,65.65330956,
HRV,LFPR,15_64,PC_AGE,A,2008,65.75227511,
HRV,LFPR,15_64,PC_AGE,A,2009,65.63261422,
HRV,LFPR,15_64,PC_AGE,A,2010,65.11550182,
HRV,LFPR,15_64,PC_AGE,A,2011,64.14321167,
HRV,LFPR,15_64,PC_AGE,A,2012,63.88017743,
HRV,LFPR,15_64,PC_AGE,A,2013,63.69215855,
HRV,LFPR,15_64,PC_AGE,A,2014,66.09636717,
HRV,LFPR,15_64,PC_AGE,A,2015,66.83492552,
HRV,LFPR,15_64,PC_AGE,A,2016,65.60521845,
CYP,LFPR,15_64,PC_AGE,A,2000,68.87104789,
CYP,LFPR,15_64,PC_AGE,A,2001,70.72003471,
CYP,LFPR,15_64,PC_AGE,A,2002,70.92630785,
CYP,LFPR,15_64,PC_AGE,A,2003,72.22582319,
CYP,LFPR,15_64,PC_AGE,A,2004,72.61571553,
CYP,LFPR,15_64,PC_AGE,A,2005,72.39996865,
CYP,LFPR,15_64,PC_AGE,A,2006,73.02668282,
CYP,LFPR,15_64,PC_AGE,A,2007,73.94387728,
CYP,LFPR,15_64,PC_AGE,A,2008,73.63301838,
CYP,LFPR,15_64,PC_AGE,A,2009,73.00679387,
CYP,LFPR,15_64,PC_AGE,A,2010,73.61757899,
CYP,LFPR,15_64,PC_AGE,A,2011,73.54975414,
CYP,LFPR,15_64,PC_AGE,A,2012,73.47872369,
CYP,LFPR,15_64,PC_AGE,A,2013,73.57520465,
CYP,LFPR,15_64,PC_AGE,A,2014,74.28214356,
CYP,LFPR,15_64,PC_AGE,A,2015,73.6024678,
CYP,LFPR,15_64,PC_AGE,A,2016,73.11245503,
EST,LFPR,15_64,PC_AGE,A,1990,78.65641196,
EST,LFPR,15_64,PC_AGE,A,1991,77.43412202,
EST,LFPR,15_64,PC_AGE,A,1992,75.309328,
EST,LFPR,15_64,PC_AGE,A,1993,73.87932902,
EST,LFPR,15_64,PC_AGE,A,1994,74.0895173,
EST,LFPR,15_64,PC_AGE,A,1995,72.93256377,
EST,LFPR,15_64,PC_AGE,A,1996,72.35644266,
EST,LFPR,15_64,PC_AGE,A,1997,72.82640378,
EST,LFPR,15_64,PC_AGE,A,1998,71.97681908,
EST,LFPR,15_64,PC_AGE,A,1999,70.69227191,
EST,LFPR,15_64,PC_AGE,A,2000,71.13291609,
EST,LFPR,15_64,PC_AGE,A,2001,70.46256051,
EST,LFPR,15_64,PC_AGE,A,2002,69.05986614,
EST,LFPR,15_64,PC_AGE,A,2003,70.13197531,
EST,LFPR,15_64,PC_AGE,A,2004,69.94011916,
EST,LFPR,15_64,PC_AGE,A,2005,70.17820796,
EST,LFPR,15_64,PC_AGE,A,2006,72.62285853,
EST,LFPR,15_64,PC_AGE,A,2007,73.03097747,
EST,LFPR,15_64,PC_AGE,A,2008,74.10741927,
EST,LFPR,15_64,PC_AGE,A,2009,73.95849419,
EST,LFPR,15_64,PC_AGE,A,2010,73.80600722,
EST,LFPR,15_64,PC_AGE,A,2011,74.72777127,
EST,LFPR,15_64,PC_AGE,A,2012,74.83384006,
EST,LFPR,15_64,PC_AGE,A,2013,75.10447883,
EST,LFPR,15_64,PC_AGE,A,2014,75.19422393,
EST,LFPR,15_64,PC_AGE,A,2015,76.62663461,
EST,LFPR,15_64,PC_AGE,A,2016,77.36807745,
IND,LFPR,15_64,PC_AGE,A,1983,60.50477908,
IND,LFPR,15_64,PC_AGE,A,1988,59.82300092,
IND,LFPR,15_64,PC_AGE,A,1994,62.48248,
IND,LFPR,15_64,PC_AGE,A,2000,60.90345518,
IND,LFPR,15_64,PC_AGE,A,2005,62.64848445,
IND,LFPR,15_64,PC_AGE,A,2006,60.59264434,
IND,LFPR,15_64,PC_AGE,A,2008,58.80861694,
IND,LFPR,15_64,PC_AGE,A,2010,56.83935472,
IND,LFPR,15_64,PC_AGE,A,2012,55.36684152,
IDN,LFPR,15_64,PC_AGE,A,2006,68.06673041,
IDN,LFPR,15_64,PC_AGE,A,2007,68.89963661,
IDN,LFPR,15_64,PC_AGE,A,2008,69.27982236,
IDN,LFPR,15_64,PC_AGE,A,2009,69.24743272,
IDN,LFPR,15_64,PC_AGE,A,2010,69.83085862,
IDN,LFPR,15_64,PC_AGE,A,2011,68.9580998,
IDN,LFPR,15_64,PC_AGE,A,2012,70.0249358,
IDN,LFPR,15_64,PC_AGE,A,2013,69.04666826,
ISR,LFPR,15_64,PC_AGE,A,1985,62.830361,
ISR,LFPR,15_64,PC_AGE,A,1986,62.81239176,
ISR,LFPR,15_64,PC_AGE,A,1987,63.97734018,
ISR,LFPR,15_64,PC_AGE,A,1988,65.65210743,
ISR,LFPR,15_64,PC_AGE,A,1989,66.68826746,
ISR,LFPR,15_64,PC_AGE,A,1990,65.96793996,
ISR,LFPR,15_64,PC_AGE,A,1991,66.64155398,
ISR,LFPR,15_64,PC_AGE,A,1992,67.34446587,
ISR,LFPR,15_64,PC_AGE,A,1993,68.79455358,
ISR,LFPR,15_64,PC_AGE,A,1994,69.57333032,
ISR,LFPR,15_64,PC_AGE,A,1995,69.94315452,
ISR,LFPR,15_64,PC_AGE,A,1996,69.33662159,
ISR,LFPR,15_64,PC_AGE,A,1997,69.14097179,
ISR,LFPR,15_64,PC_AGE,A,1998,68.77853033,
ISR,LFPR,15_64,PC_AGE,A,1999,69.30631059,
ISR,LFPR,15_64,PC_AGE,A,2000,69.92487401,
ISR,LFPR,15_64,PC_AGE,A,2001,69.89269696,
ISR,LFPR,15_64,PC_AGE,A,2002,69.0419862,
ISR,LFPR,15_64,PC_AGE,A,2003,69.55495043,
ISR,LFPR,15_64,PC_AGE,A,2004,70.09646407,
ISR,LFPR,15_64,PC_AGE,A,2005,70.37004289,
ISR,LFPR,15_64,PC_AGE,A,2006,70.77514767,
ISR,LFPR,15_64,PC_AGE,A,2007,71.23387903,
ISR,LFPR,15_64,PC_AGE,A,2008,70.99939647,
ISR,LFPR,15_64,PC_AGE,A,2009,71.17624384,
ISR,LFPR,15_64,PC_AGE,A,2010,71.34209989,
ISR,LFPR,15_64,PC_AGE,A,2011,70.97653428,
ISR,LFPR,15_64,PC_AGE,A,2012,71.47300419,
ISR,LFPR,15_64,PC_AGE,A,2013,71.58465471,
ISR,LFPR,15_64,PC_AGE,A,2014,72.18721998,
ISR,LFPR,15_64,PC_AGE,A,2015,72.1760699,
ISR,LFPR,15_64,PC_AGE,A,2016,72.12075128,
LVA,LFPR,15_64,PC_AGE,A,2000,67.01563653,
LVA,LFPR,15_64,PC_AGE,A,2001,67.64780823,
LVA,LFPR,15_64,PC_AGE,A,2002,68.56199928,
LVA,LFPR,15_64,PC_AGE,A,2003,68.8985914,
LVA,LFPR,15_64,PC_AGE,A,2004,69.30522301,
LVA,LFPR,15_64,PC_AGE,A,2005,69.14621993,
LVA,LFPR,15_64,PC_AGE,A,2006,71.01598241,
LVA,LFPR,15_64,PC_AGE,A,2007,72.62051006,
LVA,LFPR,15_64,PC_AGE,A,2008,74.1593264,
LVA,LFPR,15_64,PC_AGE,A,2009,73.54861013,
LVA,LFPR,15_64,PC_AGE,A,2010,72.95336665,
LVA,LFPR,15_64,PC_AGE,A,2011,72.83914136,
LVA,LFPR,15_64,PC_AGE,A,2012,74.40922552,
LVA,LFPR,15_64,PC_AGE,A,2013,73.98770341,
LVA,LFPR,15_64,PC_AGE,A,2014,74.55872366,
LVA,LFPR,15_64,PC_AGE,A,2015,75.72980508,
LVA,LFPR,15_64,PC_AGE,A,2016,76.29892657,
LTU,LFPR,15_64,PC_AGE,A,2000,70.54684617,
LTU,LFPR,15_64,PC_AGE,A,2001,69.59063405,
LTU,LFPR,15_64,PC_AGE,A,2002,69.55049507,
LTU,LFPR,15_64,PC_AGE,A,2003,69.86854713,
LTU,LFPR,15_64,PC_AGE,A,2004,69.18239915,
LTU,LFPR,15_64,PC_AGE,A,2005,68.65126247,
LTU,LFPR,15_64,PC_AGE,A,2006,67.55842461,
LTU,LFPR,15_64,PC_AGE,A,2007,67.94965204,
LTU,LFPR,15_64,PC_AGE,A,2008,68.42893562,
LTU,LFPR,15_64,PC_AGE,A,2009,69.60510825,
LTU,LFPR,15_64,PC_AGE,A,2010,70.24492281,
LTU,LFPR,15_64,PC_AGE,A,2011,71.37101802,
LTU,LFPR,15_64,PC_AGE,A,2012,71.81535334,
LTU,LFPR,15_64,PC_AGE,A,2013,72.41546069,
LTU,LFPR,15_64,PC_AGE,A,2014,73.71300143,
LTU,LFPR,15_64,PC_AGE,A,2015,74.13075443,
LTU,LFPR,15_64,PC_AGE,A,2016,75.46581844,
MKD,LFPR,15_64,PC_AGE,A,2006,62.22693125,
MKD,LFPR,15_64,PC_AGE,A,2007,62.75995677,
MKD,LFPR,15_64,PC_AGE,A,2008,63.53511058,
MKD,LFPR,15_64,PC_AGE,A,2009,63.98521179,
MKD,LFPR,15_64,PC_AGE,A,2010,64.2335815,
MKD,LFPR,15_64,PC_AGE,A,2011,64.16233515,
MKD,LFPR,15_64,PC_AGE,A,2012,63.88236636,
MKD,LFPR,15_64,PC_AGE,A,2013,64.92775017,
MKD,LFPR,15_64,PC_AGE,A,2014,65.28303619,
MKD,LFPR,15_64,PC_AGE,A,2015,64.90814417,
MKD,LFPR,15_64,PC_AGE,A,2016,64.50711685,
MLT,LFPR,15_64,PC_AGE,A,2000,58.18427063,
MLT,LFPR,15_64,PC_AGE,A,2001,58.94918898,
MLT,LFPR,15_64,PC_AGE,A,2002,58.47570894,
MLT,LFPR,15_64,PC_AGE,A,2003,58.63707689,
MLT,LFPR,15_64,PC_AGE,A,2004,58.17157718,
MLT,LFPR,15_64,PC_AGE,A,2005,57.64078387,
MLT,LFPR,15_64,PC_AGE,A,2006,57.86420529,
MLT,LFPR,15_64,PC_AGE,A,2007,58.80142219,
MLT,LFPR,15_64,PC_AGE,A,2008,59.07332686,
MLT,LFPR,15_64,PC_AGE,A,2009,59.38059423,
MLT,LFPR,15_64,PC_AGE,A,2010,60.41698345,
MLT,LFPR,15_64,PC_AGE,A,2011,61.84382278,
MLT,LFPR,15_64,PC_AGE,A,2012,63.11217324,
MLT,LFPR,15_64,PC_AGE,A,2013,65.00488831,
MLT,LFPR,15_64,PC_AGE,A,2014,66.33833872,
MLT,LFPR,15_64,PC_AGE,A,2015,67.56166594,
MLT,LFPR,15_64,PC_AGE,A,2016,68.95899817,
NAM,LFPR,15_64,PC_AGE,A,1960,65.56265571,
NAM,LFPR,15_64,PC_AGE,A,1961,65.73578517,
NAM,LFPR,15_64,PC_AGE,A,1962,65.44391479,
NAM,LFPR,15_64,PC_AGE,A,1963,65.32873047,
NAM,LFPR,15_64,PC_AGE,A,1964,65.35161409,
NAM,LFPR,15_64,PC_AGE,A,1965,65.49562296,
NAM,LFPR,15_64,PC_AGE,A,1966,66.01040959,
NAM,LFPR,15_64,PC_AGE,A,1967,66.3441937,
NAM,LFPR,15_64,PC_AGE,A,1968,66.4845846,
NAM,LFPR,15_64,PC_AGE,A,1969,67.00266261,
NAM,LFPR,15_64,PC_AGE,A,1970,67.37213852,
NAM,LFPR,15_64,PC_AGE,A,1971,67.24336316,
NAM,LFPR,15_64,PC_AGE,A,1972,67.62340655,
NAM,LFPR,15_64,PC_AGE,A,1973,68.23247151,
NAM,LFPR,15_64,PC_AGE,A,1974,68.9117005,
NAM,LFPR,15_64,PC_AGE,A,1975,68.99391471,
NAM,LFPR,15_64,PC_AGE,A,1976,69.40124258,
NAM,LFPR,15_64,PC_AGE,A,1977,70.22101386,
NAM,LFPR,15_64,PC_AGE,A,1978,71.29314043,
NAM,LFPR,15_64,PC_AGE,A,1979,72.04695249,
NAM,LFPR,15_64,PC_AGE,A,1980,72.36231612,
NAM,LFPR,15_64,PC_AGE,A,1981,72.69472773,
NAM,LFPR,15_64,PC_AGE,A,1982,72.86077845,
NAM,LFPR,15_64,PC_AGE,A,1983,73.08742831,
NAM,LFPR,15_64,PC_AGE,A,1984,73.68331332,
NAM,LFPR,15_64,PC_AGE,A,1985,74.36396838,
NAM,LFPR,15_64,PC_AGE,A,1986,74.95902727,
NAM,LFPR,15_64,PC_AGE,A,1987,75.47006941,
NAM,LFPR,15_64,PC_AGE,A,1988,75.89164194,
NAM,LFPR,15_64,PC_AGE,A,1989,76.59586603,
NAM,LFPR,15_64,PC_AGE,A,1990,76.54400982,
NAM,LFPR,15_64,PC_AGE,A,1991,72.77843617,
NAM,LFPR,15_64,PC_AGE,A,1992,73.09747772,
NAM,LFPR,15_64,PC_AGE,A,1993,73.17822878,
NAM,LFPR,15_64,PC_AGE,A,1994,73.23262177,
NAM,LFPR,15_64,PC_AGE,A,1995,73.25156506,
NAM,LFPR,15_64,PC_AGE,A,1996,73.32855458,
NAM,LFPR,15_64,PC_AGE,A,1997,73.87510867,
NAM,LFPR,15_64,PC_AGE,A,1998,73.81628023,
NAM,LFPR,15_64,PC_AGE,A,1999,73.62237785,
NAM,LFPR,15_64,PC_AGE,A,2000,73.53727424,
NAM,LFPR,15_64,PC_AGE,A,2001,73.12548727,
NAM,LFPR,15_64,PC_AGE,A,2002,72.93386904,
NAM,LFPR,15_64,PC_AGE,A,2003,72.48717863,
NAM,LFPR,15_64,PC_AGE,A,2004,72.55732597,
NAM,LFPR,15_64,PC_AGE,A,2005,72.47068186,
NAM,LFPR,15_64,PC_AGE,A,2006,72.77631668,
NAM,LFPR,15_64,PC_AGE,A,2007,72.66177061,
NAM,LFPR,15_64,PC_AGE,A,2008,72.58734391,
NAM,LFPR,15_64,PC_AGE,A,2009,72.08705743,
NAM,LFPR,15_64,PC_AGE,A,2010,71.53068321,
NAM,LFPR,15_64,PC_AGE,A,2011,71.16310689,
NAM,LFPR,15_64,PC_AGE,A,2012,71.20911981,
NAM,LFPR,15_64,PC_AGE,A,2013,71.00463668,
NAM,LFPR,15_64,PC_AGE,A,2014,70.7632492,
NAM,LFPR,15_64,PC_AGE,A,2015,70.70613202,
NAM,LFPR,15_64,PC_AGE,A,2016,70.93151863,
ROU,LFPR,15_64,PC_AGE,A,2000,68.3540512,
ROU,LFPR,15_64,PC_AGE,A,2001,67.28439124,
ROU,LFPR,15_64,PC_AGE,A,2002,63.39827547,
ROU,LFPR,15_64,PC_AGE,A,2003,62.23295407,
ROU,LFPR,15_64,PC_AGE,A,2004,63.04254644,
ROU,LFPR,15_64,PC_AGE,A,2005,62.28187776,
ROU,LFPR,15_64,PC_AGE,A,2006,63.62058276,
ROU,LFPR,15_64,PC_AGE,A,2007,63.02361499,
ROU,LFPR,15_64,PC_AGE,A,2008,62.87188467,
ROU,LFPR,15_64,PC_AGE,A,2009,63.11584138,
ROU,LFPR,15_64,PC_AGE,A,2010,64.92782095,
ROU,LFPR,15_64,PC_AGE,A,2011,64.1012118,
ROU,LFPR,15_64,PC_AGE,A,2012,64.78626796,
ROU,LFPR,15_64,PC_AGE,A,2013,64.91065972,
ROU,LFPR,15_64,PC_AGE,A,2014,65.66804006,
ROU,LFPR,15_64,PC_AGE,A,2015,66.088437,
ROU,LFPR,15_64,PC_AGE,A,2016,65.56544442,
RUS,LFPR,15_64,PC_AGE,A,1992,75.73496059,
RUS,LFPR,15_64,PC_AGE,A,1993,73.76277695,
RUS,LFPR,15_64,PC_AGE,A,1994,71.71014808,
RUS,LFPR,15_64,PC_AGE,A,1995,71.29856103,
RUS,LFPR,15_64,PC_AGE,A,1996,70.22334904,
RUS,LFPR,15_64,PC_AGE,A,1997,68.5249956,
RUS,LFPR,15_64,PC_AGE,A,1998,67.36482931,
RUS,LFPR,15_64,PC_AGE,A,1999,70.94392606,
RUS,LFPR,15_64,PC_AGE,A,2000,70.89102499,
RUS,LFPR,15_64,PC_AGE,A,2001,69.51526281,
RUS,LFPR,15_64,PC_AGE,A,2002,70.07535743,
RUS,LFPR,15_64,PC_AGE,A,2003,69.89625229,
RUS,LFPR,15_64,PC_AGE,A,2004,71.087997,
RUS,LFPR,15_64,PC_AGE,A,2005,71.47245685,
RUS,LFPR,15_64,PC_AGE,A,2006,71.97618125,
RUS,LFPR,15_64,PC_AGE,A,2007,72.9104286,
RUS,LFPR,15_64,PC_AGE,A,2008,73.19130277,
RUS,LFPR,15_64,PC_AGE,A,2009,72.99523879,
RUS,LFPR,15_64,PC_AGE,A,2010,72.65233133,
RUS,LFPR,15_64,PC_AGE,A,2011,72.77505345,
RUS,LFPR,15_64,PC_AGE,A,2012,72.96871517,
RUS,LFPR,15_64,PC_AGE,A,2013,72.78821961,
RUS,LFPR,15_64,PC_AGE,A,2014,73.12380419,
RUS,LFPR,15_64,PC_AGE,A,2015,73.40858461,
RUS,LFPR,15_64,PC_AGE,A,2016,74.12987147,
SVN,LFPR,15_64,PC_AGE,A,2000,67.47546559,
SVN,LFPR,15_64,PC_AGE,A,2001,68.10577899,
SVN,LFPR,15_64,PC_AGE,A,2002,67.8078109,
SVN,LFPR,15_64,PC_AGE,A,2003,67.12367206,
SVN,LFPR,15_64,PC_AGE,A,2004,69.78672457,
SVN,LFPR,15_64,PC_AGE,A,2005,70.66679845,
SVN,LFPR,15_64,PC_AGE,A,2006,70.89212603,
SVN,LFPR,15_64,PC_AGE,A,2007,71.30322309,
SVN,LFPR,15_64,PC_AGE,A,2008,71.77908511,
SVN,LFPR,15_64,PC_AGE,A,2009,71.8452215,
SVN,LFPR,15_64,PC_AGE,A,2010,71.49733602,
SVN,LFPR,15_64,PC_AGE,A,2011,70.26468529,
SVN,LFPR,15_64,PC_AGE,A,2012,70.40533176,
SVN,LFPR,15_64,PC_AGE,A,2013,70.50638472,
SVN,LFPR,15_64,PC_AGE,A,2014,70.89788856,
SVN,LFPR,15_64,PC_AGE,A,2015,71.75343108,
SVN,LFPR,15_64,PC_AGE,A,2016,71.63193272,
ZAF,LFPR,15_64,PC_AGE,A,2001,59.06554593,
ZAF,LFPR,15_64,PC_AGE,A,2002,58.8223554,
ZAF,LFPR,15_64,PC_AGE,A,2003,56.95473436,
ZAF,LFPR,15_64,PC_AGE,A,2004,55.21610978,
ZAF,LFPR,15_64,PC_AGE,A,2005,56.953682,
ZAF,LFPR,15_64,PC_AGE,A,2006,58.01644288,
ZAF,LFPR,15_64,PC_AGE,A,2007,57.20150222,
ZAF,LFPR,15_64,PC_AGE,A,2008,59.28255801,
ZAF,LFPR,15_64,PC_AGE,A,2009,57.46899496,
ZAF,LFPR,15_64,PC_AGE,A,2010,55.68383675,
ZAF,LFPR,15_64,PC_AGE,A,2011,55.73446442,
ZAF,LFPR,15_64,PC_AGE,A,2012,56.18103201,
ZAF,LFPR,15_64,PC_AGE,A,2013,56.77405248,
ZAF,LFPR,15_64,PC_AGE,A,2014,57.09223709,
ZAF,LFPR,15_64,PC_AGE,A,2015,58.51199112,
ZAF,LFPR,15_64,PC_AGE,A,2016,58.72272,
EU28,LFPR,15_64,PC_AGE,A,1983,63.18390031,
EU28,LFPR,15_64,PC_AGE,A,1984,64.7398532,
EU28,LFPR,15_64,PC_AGE,A,1985,64.91269281,
EU28,LFPR,15_64,PC_AGE,A,1986,65.16447024,
EU28,LFPR,15_64,PC_AGE,A,1987,66.3381937,
EU28,LFPR,15_64,PC_AGE,A,1988,66.63883131,
EU28,LFPR,15_64,PC_AGE,A,1989,66.88622237,
EU28,LFPR,15_64,PC_AGE,A,1990,67.13380786,
EU28,LFPR,15_64,PC_AGE,A,1991,67.84178997,
EU28,LFPR,15_64,PC_AGE,A,1992,67.73939479,
EU28,LFPR,15_64,PC_AGE,A,1993,67.5925765,
EU28,LFPR,15_64,PC_AGE,A,1994,67.50209606,
EU28,LFPR,15_64,PC_AGE,A,1995,67.46167426,
EU28,LFPR,15_64,PC_AGE,A,1996,67.68214427,
EU28,LFPR,15_64,PC_AGE,A,1997,67.8124053,
EU28,LFPR,15_64,PC_AGE,A,1998,68.15449574,
EU28,LFPR,15_64,PC_AGE,A,1999,68.53921156,
EU28,LFPR,15_64,PC_AGE,A,2000,68.69300973,
EU28,LFPR,15_64,PC_AGE,A,2001,68.66631834,
EU28,LFPR,15_64,PC_AGE,A,2002,68.71331739,
EU28,LFPR,15_64,PC_AGE,A,2003,68.93536582,
EU28,LFPR,15_64,PC_AGE,A,2004,69.45622851,
EU28,LFPR,15_64,PC_AGE,A,2005,69.85905458,
EU28,LFPR,15_64,PC_AGE,A,2006,70.30816838,
EU28,LFPR,15_64,PC_AGE,A,2007,70.49549371,
EU28,LFPR,15_64,PC_AGE,A,2008,70.89006132,
EU28,LFPR,15_64,PC_AGE,A,2009,70.99365468,
EU28,LFPR,15_64,PC_AGE,A,2010,71.17852596,
EU28,LFPR,15_64,PC_AGE,A,2011,71.29781112,
EU28,LFPR,15_64,PC_AGE,A,2012,71.85873488,
EU28,LFPR,15_64,PC_AGE,A,2013,72.15065271,
EU28,LFPR,15_64,PC_AGE,A,2014,72.53396533,
EU28,LFPR,15_64,PC_AGE,A,2015,72.73457843,
EU28,LFPR,15_64,PC_AGE,A,2016,73.15599546,
OECD,LFPR,15_64,PC_AGE,A,1960,65.56265571,
OECD,LFPR,15_64,PC_AGE,A,1961,65.70666746,
OECD,LFPR,15_64,PC_AGE,A,1962,51.47163775,
OECD,LFPR,15_64,PC_AGE,A,1963,52.80478649,
OECD,LFPR,15_64,PC_AGE,A,1964,52.66745164,
OECD,LFPR,15_64,PC_AGE,A,1965,52.70033708,
OECD,LFPR,15_64,PC_AGE,A,1966,53.95583201,
OECD,LFPR,15_64,PC_AGE,A,1967,53.87855861,
OECD,LFPR,15_64,PC_AGE,A,1968,67.34279501,
OECD,LFPR,15_64,PC_AGE,A,1969,67.50200993,
OECD,LFPR,15_64,PC_AGE,A,1970,66.11010662,
OECD,LFPR,15_64,PC_AGE,A,1971,65.35540897,
OECD,LFPR,15_64,PC_AGE,A,1972,65.08714269,
OECD,LFPR,15_64,PC_AGE,A,1973,65.57148287,
OECD,LFPR,15_64,PC_AGE,A,1974,65.73896154,
OECD,LFPR,15_64,PC_AGE,A,1975,65.64303894,
OECD,LFPR,15_64,PC_AGE,A,1976,66.08844172,
OECD,LFPR,15_64,PC_AGE,A,1977,66.89428082,
OECD,LFPR,15_64,PC_AGE,A,1978,67.36601273,
OECD,LFPR,15_64,PC_AGE,A,1979,67.86664902,
OECD,LFPR,15_64,PC_AGE,A,1980,67.83641421,
OECD,LFPR,15_64,PC_AGE,A,1981,67.88319885,
OECD,LFPR,15_64,PC_AGE,A,1982,68.02311692,
OECD,LFPR,15_64,PC_AGE,A,1983,67.87567627,
OECD,LFPR,15_64,PC_AGE,A,1984,68.28761981,
OECD,LFPR,15_64,PC_AGE,A,1985,68.55087272,
OECD,LFPR,15_64,PC_AGE,A,1986,68.94289357,
OECD,LFPR,15_64,PC_AGE,A,1987,69.68682147,
OECD,LFPR,15_64,PC_AGE,A,1988,69.43586781,
OECD,LFPR,15_64,PC_AGE,A,1989,69.87872806,
OECD,LFPR,15_64,PC_AGE,A,1990,70.03751736,
OECD,LFPR,15_64,PC_AGE,A,1991,69.57470342,
OECD,LFPR,15_64,PC_AGE,A,1992,69.58009742,
OECD,LFPR,15_64,PC_AGE,A,1993,69.3566135,
OECD,LFPR,15_64,PC_AGE,A,1994,69.49513457,
OECD,LFPR,15_64,PC_AGE,A,1995,69.49781156,
OECD,LFPR,15_64,PC_AGE,A,1996,69.55638269,
OECD,LFPR,15_64,PC_AGE,A,1997,69.81028504,
OECD,LFPR,15_64,PC_AGE,A,1998,69.8583861,
OECD,LFPR,15_64,PC_AGE,A,1999,69.91346902,
OECD,LFPR,15_64,PC_AGE,A,2000,69.8917685,
OECD,LFPR,15_64,PC_AGE,A,2001,69.76617145,
OECD,LFPR,15_64,PC_AGE,A,2002,69.81067088,
OECD,LFPR,15_64,PC_AGE,A,2003,69.70575376,
OECD,LFPR,15_64,PC_AGE,A,2004,69.93365288,
OECD,LFPR,15_64,PC_AGE,A,2005,70.16789736,
OECD,LFPR,15_64,PC_AGE,A,2006,70.47999218,
OECD,LFPR,15_64,PC_AGE,A,2007,70.57438851,
OECD,LFPR,15_64,PC_AGE,A,2008,70.77855627,
OECD,LFPR,15_64,PC_AGE,A,2009,70.66815736,
OECD,LFPR,15_64,PC_AGE,A,2010,70.56052451,
OECD,LFPR,15_64,PC_AGE,A,2011,70.54420589,
OECD,LFPR,15_64,PC_AGE,A,2012,70.79969794,
OECD,LFPR,15_64,PC_AGE,A,2013,70.973291,
OECD,LFPR,15_64,PC_AGE,A,2014,71.12099661,
OECD,LFPR,15_64,PC_AGE,A,2015,71.29079014,
OECD,LFPR,15_64,PC_AGE,A,2016,71.70399478,
