"LOCATION","Country","MEASURE","Measure","AGE","Age group","DEFINITION","Definition","METHODO","Methodology","TIME","Year","Unit Code","Unit","PowerCode Code","PowerCode","Reference Period Code","Reference Period","Value","Flag Codes","Flags"
"AUS","Australia","GINI","Gini (disposable income, post taxes and transfers)","TOT","Total population","CURRENT","Current definition","METH2011","Income definition until 2011","1995","1995","0_TO_1","0-1 scale","0","Units",,,0.309,,
"AUS","Australia","GINI","Gini (disposable income, post taxes and transfers)","TOT","Total population","CURRENT","Current definition","METH2011","Income definition until 2011","2000","2000","0_TO_1","0-1 scale","0","Units",,,0.317,,
"AUS","Australia","GINI","Gini (disposable income, post taxes and transfers)","TOT","Total population","CURRENT","Current definition","METH2011","Income definition until 2011","2004","2004","0_TO_1","0-1 scale","0","Units",,,0.315,,
"AUS","Australia","GINI","Gini (disposable income, post taxes and transfers)","TOT","Total population","CURRENT","Current definition","METH2011","Income definition until 2011","2008","2008","0_TO_1","0-1 scale","0","Units",,,0.336,,
"AUS","Australia","GINI","Gini (disposable income, post taxes and transfers)","TOT","Total population","CURRENT","Current definition","METH2011","Income definition until 2011","2010","2010","0_TO_1","0-1 scale","0","Units",,,0.334,,
"AUS","Australia","GINI","Gini (disposable income, post taxes and transfers)","TOT","Total population","CURRENT","Current definition","METH2011","Income definition until 2011","2012","2012","0_TO_1","0-1 scale","0","Units",,,0.324,,
"BEL","Belgium","GINI","Gini (disposable income, post taxes and transfers)","TOT","Total population","CURRENT","Current definition","METH2011","Income definition until 2011","2004","2004","0_TO_1","0-1 scale","0","Units",,,0.287,,
"BEL","Belgium","GINI","Gini (disposable income, post taxes and transfers)","TOT","Total population","CURRENT","Current definition","METH2011","Income definition until 2011","2005","2005","0_TO_1","0-1 scale","0","Units",,,0.277,,
"BEL","Belgium","GINI","Gini (disposable income, post taxes and transfers)","TOT","Total population","CURRENT","Current definition","METH2011","Income definition until 2011","2006","2006","0_TO_1","0-1 scale","0","Units",,,0.264,,
"BEL","Belgium","GINI","Gini (disposable income, post taxes and transfers)","TOT","Total population","CURRENT","Current definition","METH2011","Income definition until 2011","2007","2007","0_TO_1","0-1 scale","0","Units",,,0.274,,
"BEL","Belgium","GINI","Gini (disposable income, post taxes and transfers)","TOT","Total population","CURRENT","Current definition","METH2011","Income definition until 2011","2008","2008","0_TO_1","0-1 scale","0","Units",,,0.262,,
"BEL","Belgium","GINI","Gini (disposable income, post taxes and transfers)","TOT","Total population","CURRENT","Current definition","METH2011","Income definition until 2011","2009","2009","0_TO_1","0-1 scale","0","Units",,,0.269,,
"BEL","Belgium","GINI","Gini (disposable income, post taxes and transfers)","TOT","Total population","CURRENT","Current definition","METH2011","Income definition until 2011","2010","2010","0_TO_1","0-1 scale","0","Units",,,0.264,,
"BEL","Belgium","GINI","Gini (disposable income, post taxes and transfers)","TOT","Total population","CURRENT","Current definition","METH2011","Income definition until 2011","2011","2011","0_TO_1","0-1 scale","0","Units",,,0.266,,
"BEL","Belgium","GINI","Gini (disposable income, post taxes and transfers)","TOT","Total population","CURRENT","Current definition","METH2011","Income definition until 2011","2012","2012","0_TO_1","0-1 scale","0","Units",,,0.262,,
"BEL","Belgium","GINI","Gini (disposable income, post taxes and transfers)","TOT","Total population","CURRENT","Current definition","METH2011","Income definition until 2011","2013","2013","0_TO_1","0-1 scale","0","Units",,,0.261,,
"CAN","Canada","GINI","Gini (disposable income, post taxes and transfers)","TOT","Total population","CURRENT","Current definition","METH2011","Income definition until 2011","1976","1976","0_TO_1","0-1 scale","0","Units",,,0.304,,
"CAN","Canada","GINI","Gini (disposable income, post taxes and transfers)","TOT","Total population","CURRENT","Current definition","METH2011","Income definition until 2011","1977","1977","0_TO_1","0-1 scale","0","Units",,,0.288,,
"CAN","Canada","GINI","Gini (disposable income, post taxes and transfers)","TOT","Total population","CURRENT","Current definition","METH2011","Income definition until 2011","1978","1978","0_TO_1","0-1 scale","0","Units",,,0.293,,
"CAN","Canada","GINI","Gini (disposable income, post taxes and transfers)","TOT","Total population","CURRENT","Current definition","METH2011","Income definition until 2011","1979","1979","0_TO_1","0-1 scale","0","Units",,,0.289,,
"CAN","Canada","GINI","Gini (disposable income, post taxes and transfers)","TOT","Total population","CURRENT","Current definition","METH2011","Income definition until 2011","1980","1980","0_TO_1","0-1 scale","0","Units",,,0.289,,
"CAN","Canada","GINI","Gini (disposable income, post taxes and transfers)","TOT","Total population","CURRENT","Current definition","METH2011","Income definition until 2011","1981","1981","0_TO_1","0-1 scale","0","Units",,,0.287,,
"CAN","Canada","GINI","Gini (disposable income, post taxes and transfers)","TOT","Total population","CURRENT","Current definition","METH2011","Income definition until 2011","1982","1982","0_TO_1","0-1 scale","0","Units",,,0.291,,
"CAN","Canada","GINI","Gini (disposable income, post taxes and transfers)","TOT","Total population","CURRENT","Current definition","METH2011","Income definition until 2011","1983","1983","0_TO_1","0-1 scale","0","Units",,,0.299,,
"CAN","Canada","GINI","Gini (disposable income, post taxes and transfers)","TOT","Total population","CURRENT","Current definition","METH2011","Income definition until 2011","1984","1984","0_TO_1","0-1 scale","0","Units",,,0.296,,
"CAN","Canada","GINI","Gini (disposable income, post taxes and transfers)","TOT","Total population","CURRENT","Current definition","METH2011","Income definition until 2011","1985","1985","0_TO_1","0-1 scale","0","Units",,,0.293,,
"CAN","Canada","GINI","Gini (disposable income, post taxes and transfers)","TOT","Total population","CURRENT","Current definition","METH2011","Income definition until 2011","1986","1986","0_TO_1","0-1 scale","0","Units",,,0.292,,
"CAN","Canada","GINI","Gini (disposable income, post taxes and transfers)","TOT","Total population","CURRENT","Current definition","METH2011","Income definition until 2011","1987","1987","0_TO_1","0-1 scale","0","Units",,,0.289,,
"CAN","Canada","GINI","Gini (disposable income, post taxes and transfers)","TOT","Total population","CURRENT","Current definition","METH2011","Income definition until 2011","1988","1988","0_TO_1","0-1 scale","0","Units",,,0.284,,
"CAN","Canada","GINI","Gini (disposable income, post taxes and transfers)","TOT","Total population","CURRENT","Current definition","METH2011","Income definition until 2011","1989","1989","0_TO_1","0-1 scale","0","Units",,,0.282,,
"CAN","Canada","GINI","Gini (disposable income, post taxes and transfers)","TOT","Total population","CURRENT","Current definition","METH2011","Income definition until 2011","1990","1990","0_TO_1","0-1 scale","0","Units",,,0.287,,
"CAN","Canada","GINI","Gini (disposable income, post taxes and transfers)","TOT","Total population","CURRENT","Current definition","METH2011","Income definition until 2011","1991","1991","0_TO_1","0-1 scale","0","Units",,,0.294,,
"CAN","Canada","GINI","Gini (disposable income, post taxes and transfers)","TOT","Total population","CURRENT","Current definition","METH2011","Income definition until 2011","1992","1992","0_TO_1","0-1 scale","0","Units",,,0.292,,
"CAN","Canada","GINI","Gini (disposable income, post taxes and transfers)","TOT","Total population","CURRENT","Current definition","METH2011","Income definition until 2011","1993","1993","0_TO_1","0-1 scale","0","Units",,,0.286,,
"CAN","Canada","GINI","Gini (disposable income, post taxes and transfers)","TOT","Total population","CURRENT","Current definition","METH2011","Income definition until 2011","1994","1994","0_TO_1","0-1 scale","0","Units",,,0.287,,
"CAN","Canada","GINI","Gini (disposable income, post taxes and transfers)","TOT","Total population","CURRENT","Current definition","METH2011","Income definition until 2011","1995","1995","0_TO_1","0-1 scale","0","Units",,,0.289,,
"CAN","Canada","GINI","Gini (disposable income, post taxes and transfers)","TOT","Total population","CURRENT","Current definition","METH2011","Income definition until 2011","1996","1996","0_TO_1","0-1 scale","0","Units",,,0.297,,
"CAN","Canada","GINI","Gini (disposable income, post taxes and transfers)","TOT","Total population","CURRENT","Current definition","METH2011","Income definition until 2011","1997","1997","0_TO_1","0-1 scale","0","Units",,,0.301,,
"CAN","Canada","GINI","Gini (disposable income, post taxes and transfers)","TOT","Total population","CURRENT","Current definition","METH2011","Income definition until 2011","1998","1998","0_TO_1","0-1 scale","0","Units",,,0.307,,
"CAN","Canada","GINI","Gini (disposable income, post taxes and transfers)","TOT","Total population","CURRENT","Current definition","METH2011","Income definition until 2011","1999","1999","0_TO_1","0-1 scale","0","Units",,,0.307,,
"CAN","Canada","GINI","Gini (disposable income, post taxes and transfers)","TOT","Total population","CURRENT","Current definition","METH2011","Income definition until 2011","2000","2000","0_TO_1","0-1 scale","0","Units",,,0.315,,
"CAN","Canada","GINI","Gini (disposable income, post taxes and transfers)","TOT","Total population","CURRENT","Current definition","METH2011","Income definition until 2011","2001","2001","0_TO_1","0-1 scale","0","Units",,,0.317,,
"CAN","Canada","GINI","Gini (disposable income, post taxes and transfers)","TOT","Total population","CURRENT","Current definition","METH2011","Income definition until 2011","2002","2002","0_TO_1","0-1 scale","0","Units",,,0.318,,
"CAN","Canada","GINI","Gini (disposable income, post taxes and transfers)","TOT","Total population","CURRENT","Current definition","METH2011","Income definition until 2011","2003","2003","0_TO_1","0-1 scale","0","Units",,,0.316,,
"CAN","Canada","GINI","Gini (disposable income, post taxes and transfers)","TOT","Total population","CURRENT","Current definition","METH2011","Income definition until 2011","2004","2004","0_TO_1","0-1 scale","0","Units",,,0.322,,
"CAN","Canada","GINI","Gini (disposable income, post taxes and transfers)","TOT","Total population","CURRENT","Current definition","METH2011","Income definition until 2011","2005","2005","0_TO_1","0-1 scale","0","Units",,,0.317,,
"CAN","Canada","GINI","Gini (disposable income, post taxes and transfers)","TOT","Total population","CURRENT","Current definition","METH2011","Income definition until 2011","2006","2006","0_TO_1","0-1 scale","0","Units",,,0.317,,
"CAN","Canada","GINI","Gini (disposable income, post taxes and transfers)","TOT","Total population","CURRENT","Current definition","METH2011","Income definition until 2011","2007","2007","0_TO_1","0-1 scale","0","Units",,,0.318,,
"CAN","Canada","GINI","Gini (disposable income, post taxes and transfers)","TOT","Total population","CURRENT","Current definition","METH2011","Income definition until 2011","2008","2008","0_TO_1","0-1 scale","0","Units",,,0.321,,
"CAN","Canada","GINI","Gini (disposable income, post taxes and transfers)","TOT","Total population","CURRENT","Current definition","METH2011","Income definition until 2011","2009","2009","0_TO_1","0-1 scale","0","Units",,,0.32,,
"CAN","Canada","GINI","Gini (disposable income, post taxes and transfers)","TOT","Total population","CURRENT","Current definition","METH2011","Income definition until 2011","2010","2010","0_TO_1","0-1 scale","0","Units",,,0.319,,
"CAN","Canada","GINI","Gini (disposable income, post taxes and transfers)","TOT","Total population","CURRENT","Current definition","METH2011","Income definition until 2011","2011","2011","0_TO_1","0-1 scale","0","Units",,,0.316,,
"CZE","Czech Republic","GINI","Gini (disposable income, post taxes and transfers)","TOT","Total population","CURRENT","Current definition","METH2011","Income definition until 2011","1992","1992","0_TO_1","0-1 scale","0","Units",,,0.232,,
"CZE","Czech Republic","GINI","Gini (disposable income, post taxes and transfers)","TOT","Total population","CURRENT","Current definition","METH2011","Income definition until 2011","1996","1996","0_TO_1","0-1 scale","0","Units",,,0.257,,
"CZE","Czech Republic","GINI","Gini (disposable income, post taxes and transfers)","TOT","Total population","CURRENT","Current definition","METH2011","Income definition until 2011","2002","2002","0_TO_1","0-1 scale","0","Units",,,0.26,,
"CZE","Czech Republic","GINI","Gini (disposable income, post taxes and transfers)","TOT","Total population","CURRENT","Current definition","METH2011","Income definition until 2011","2004","2004","0_TO_1","0-1 scale","0","Units",,,0.269,,
"CZE","Czech Republic","GINI","Gini (disposable income, post taxes and transfers)","TOT","Total population","CURRENT","Current definition","METH2011","Income definition until 2011","2005","2005","0_TO_1","0-1 scale","0","Units",,,0.261,,
"CZE","Czech Republic","GINI","Gini (disposable income, post taxes and transfers)","TOT","Total population","CURRENT","Current definition","METH2011","Income definition until 2011","2006","2006","0_TO_1","0-1 scale","0","Units",,,0.261,,
"CZE","Czech Republic","GINI","Gini (disposable income, post taxes and transfers)","TOT","Total population","CURRENT","Current definition","METH2011","Income definition until 2011","2007","2007","0_TO_1","0-1 scale","0","Units",,,0.257,,
"CZE","Czech Republic","GINI","Gini (disposable income, post taxes and transfers)","TOT","Total population","CURRENT","Current definition","METH2011","Income definition until 2011","2008","2008","0_TO_1","0-1 scale","0","Units",,,0.26,,
"CZE","Czech Republic","GINI","Gini (disposable income, post taxes and transfers)","TOT","Total population","CURRENT","Current definition","METH2011","Income definition until 2011","2009","2009","0_TO_1","0-1 scale","0","Units",,,0.258,,
"CZE","Czech Republic","GINI","Gini (disposable income, post taxes and transfers)","TOT","Total population","CURRENT","Current definition","METH2011","Income definition until 2011","2010","2010","0_TO_1","0-1 scale","0","Units",,,0.258,,
"CZE","Czech Republic","GINI","Gini (disposable income, post taxes and transfers)","TOT","Total population","CURRENT","Current definition","METH2011","Income definition until 2011","2011","2011","0_TO_1","0-1 scale","0","Units",,,0.256,,
"CZE","Czech Republic","GINI","Gini (disposable income, post taxes and transfers)","TOT","Total population","CURRENT","Current definition","METH2011","Income definition until 2011","2012","2012","0_TO_1","0-1 scale","0","Units",,,0.252,,
"CZE","Czech Republic","GINI","Gini (disposable income, post taxes and transfers)","TOT","Total population","CURRENT","Current definition","METH2011","Income definition until 2011","2013","2013","0_TO_1","0-1 scale","0","Units",,,0.259,,
"DNK","Denmark","GINI","Gini (disposable income, post taxes and transfers)","TOT","Total population","CURRENT","Current definition","METH2011","Income definition until 2011","1985","1985","0_TO_1","0-1 scale","0","Units",,,0.221,,
"DNK","Denmark","GINI","Gini (disposable income, post taxes and transfers)","TOT","Total population","CURRENT","Current definition","METH2011","Income definition until 2011","1986","1986","0_TO_1","0-1 scale","0","Units",,,0.224,,
"DNK","Denmark","GINI","Gini (disposable income, post taxes and transfers)","TOT","Total population","CURRENT","Current definition","METH2011","Income definition until 2011","1987","1987","0_TO_1","0-1 scale","0","Units",,,0.225,,
"DNK","Denmark","GINI","Gini (disposable income, post taxes and transfers)","TOT","Total population","CURRENT","Current definition","METH2011","Income definition until 2011","1988","1988","0_TO_1","0-1 scale","0","Units",,,0.224,,
"DNK","Denmark","GINI","Gini (disposable income, post taxes and transfers)","TOT","Total population","CURRENT","Current definition","METH2011","Income definition until 2011","1989","1989","0_TO_1","0-1 scale","0","Units",,,0.22,,
"DNK","Denmark","GINI","Gini (disposable income, post taxes and transfers)","TOT","Total population","CURRENT","Current definition","METH2011","Income definition until 2011","1990","1990","0_TO_1","0-1 scale","0","Units",,,0.226,,
"DNK","Denmark","GINI","Gini (disposable income, post taxes and transfers)","TOT","Total population","CURRENT","Current definition","METH2011","Income definition until 2011","1991","1991","0_TO_1","0-1 scale","0","Units",,,0.222,,
"DNK","Denmark","GINI","Gini (disposable income, post taxes and transfers)","TOT","Total population","CURRENT","Current definition","METH2011","Income definition until 2011","1992","1992","0_TO_1","0-1 scale","0","Units",,,0.222,,
"DNK","Denmark","GINI","Gini (disposable income, post taxes and transfers)","TOT","Total population","CURRENT","Current definition","METH2011","Income definition until 2011","1993","1993","0_TO_1","0-1 scale","0","Units",,,0.223,,
"DNK","Denmark","GINI","Gini (disposable income, post taxes and transfers)","TOT","Total population","CURRENT","Current definition","METH2011","Income definition until 2011","1994","1994","0_TO_1","0-1 scale","0","Units",,,0.216,,
"DNK","Denmark","GINI","Gini (disposable income, post taxes and transfers)","TOT","Total population","CURRENT","Current definition","METH2011","Income definition until 2011","1995","1995","0_TO_1","0-1 scale","0","Units",,,0.215,,
"DNK","Denmark","GINI","Gini (disposable income, post taxes and transfers)","TOT","Total population","CURRENT","Current definition","METH2011","Income definition until 2011","1996","1996","0_TO_1","0-1 scale","0","Units",,,0.216,,
"DNK","Denmark","GINI","Gini (disposable income, post taxes and transfers)","TOT","Total population","CURRENT","Current definition","METH2011","Income definition until 2011","1997","1997","0_TO_1","0-1 scale","0","Units",,,0.224,,
"DNK","Denmark","GINI","Gini (disposable income, post taxes and transfers)","TOT","Total population","CURRENT","Current definition","METH2011","Income definition until 2011","1998","1998","0_TO_1","0-1 scale","0","Units",,,0.224,,
"DNK","Denmark","GINI","Gini (disposable income, post taxes and transfers)","TOT","Total population","CURRENT","Current definition","METH2011","Income definition until 2011","1999","1999","0_TO_1","0-1 scale","0","Units",,,0.228,,
"DNK","Denmark","GINI","Gini (disposable income, post taxes and transfers)","TOT","Total population","CURRENT","Current definition","METH2011","Income definition until 2011","2000","2000","0_TO_1","0-1 scale","0","Units",,,0.227,,
"DNK","Denmark","GINI","Gini (disposable income, post taxes and transfers)","TOT","Total population","CURRENT","Current definition","METH2011","Income definition until 2011","2005","2005","0_TO_1","0-1 scale","0","Units",,,0.232,,
"DNK","Denmark","GINI","Gini (disposable income, post taxes and transfers)","TOT","Total population","CURRENT","Current definition","METH2011","Income definition until 2011","2006","2006","0_TO_1","0-1 scale","0","Units",,,0.239,,
"DNK","Denmark","GINI","Gini (disposable income, post taxes and transfers)","TOT","Total population","CURRENT","Current definition","METH2011","Income definition until 2011","2007","2007","0_TO_1","0-1 scale","0","Units",,,0.246,,
"DNK","Denmark","GINI","Gini (disposable income, post taxes and transfers)","TOT","Total population","CURRENT","Current definition","METH2011","Income definition until 2011","2008","2008","0_TO_1","0-1 scale","0","Units",,,0.242,,
"DNK","Denmark","GINI","Gini (disposable income, post taxes and transfers)","TOT","Total population","CURRENT","Current definition","METH2011","Income definition until 2011","2009","2009","0_TO_1","0-1 scale","0","Units",,,0.238,,
"DNK","Denmark","GINI","Gini (disposable income, post taxes and transfers)","TOT","Total population","CURRENT","Current definition","METH2011","Income definition until 2011","2010","2010","0_TO_1","0-1 scale","0","Units",,,0.252,,
"DNK","Denmark","GINI","Gini (disposable income, post taxes and transfers)","TOT","Total population","CURRENT","Current definition","METH2011","Income definition until 2011","2011","2011","0_TO_1","0-1 scale","0","Units",,,0.253,,
"FIN","Finland","GINI","Gini (disposable income, post taxes and transfers)","TOT","Total population","CURRENT","Current definition","METH2011","Income definition until 2011","1986","1986","0_TO_1","0-1 scale","0","Units",,,0.209,,
"FIN","Finland","GINI","Gini (disposable income, post taxes and transfers)","TOT","Total population","CURRENT","Current definition","METH2011","Income definition until 2011","1987","1987","0_TO_1","0-1 scale","0","Units",,,0.209,,
"FIN","Finland","GINI","Gini (disposable income, post taxes and transfers)","TOT","Total population","CURRENT","Current definition","METH2011","Income definition until 2011","1988","1988","0_TO_1","0-1 scale","0","Units",,,0.214,,
"FIN","Finland","GINI","Gini (disposable income, post taxes and transfers)","TOT","Total population","CURRENT","Current definition","METH2011","Income definition until 2011","1989","1989","0_TO_1","0-1 scale","0","Units",,,0.217,,
"FIN","Finland","GINI","Gini (disposable income, post taxes and transfers)","TOT","Total population","CURRENT","Current definition","METH2011","Income definition until 2011","1990","1990","0_TO_1","0-1 scale","0","Units",,,0.215,,
"FIN","Finland","GINI","Gini (disposable income, post taxes and transfers)","TOT","Total population","CURRENT","Current definition","METH2011","Income definition until 2011","1991","1991","0_TO_1","0-1 scale","0","Units",,,0.213,,
"FIN","Finland","GINI","Gini (disposable income, post taxes and transfers)","TOT","Total population","CURRENT","Current definition","METH2011","Income definition until 2011","1992","1992","0_TO_1","0-1 scale","0","Units",,,0.212,,
"FIN","Finland","GINI","Gini (disposable income, post taxes and transfers)","TOT","Total population","CURRENT","Current definition","METH2011","Income definition until 2011","1993","1993","0_TO_1","0-1 scale","0","Units",,,0.215,,
"FIN","Finland","GINI","Gini (disposable income, post taxes and transfers)","TOT","Total population","CURRENT","Current definition","METH2011","Income definition until 2011","1994","1994","0_TO_1","0-1 scale","0","Units",,,0.217,,
"FIN","Finland","GINI","Gini (disposable income, post taxes and transfers)","TOT","Total population","CURRENT","Current definition","METH2011","Income definition until 2011","1995","1995","0_TO_1","0-1 scale","0","Units",,,0.222,,
"FIN","Finland","GINI","Gini (disposable income, post taxes and transfers)","TOT","Total population","CURRENT","Current definition","METH2011","Income definition until 2011","1996","1996","0_TO_1","0-1 scale","0","Units",,,0.226,,
"FIN","Finland","GINI","Gini (disposable income, post taxes and transfers)","TOT","Total population","CURRENT","Current definition","METH2011","Income definition until 2011","1997","1997","0_TO_1","0-1 scale","0","Units",,,0.237,,
"FIN","Finland","GINI","Gini (disposable income, post taxes and transfers)","TOT","Total population","CURRENT","Current definition","METH2011","Income definition until 2011","1998","1998","0_TO_1","0-1 scale","0","Units",,,0.244,,
"FIN","Finland","GINI","Gini (disposable income, post taxes and transfers)","TOT","Total population","CURRENT","Current definition","METH2011","Income definition until 2011","1999","1999","0_TO_1","0-1 scale","0","Units",,,0.251,,
"FIN","Finland","GINI","Gini (disposable income, post taxes and transfers)","TOT","Total population","CURRENT","Current definition","METH2011","Income definition until 2011","2000","2000","0_TO_1","0-1 scale","0","Units",,,0.255,,
"FIN","Finland","GINI","Gini (disposable income, post taxes and transfers)","TOT","Total population","CURRENT","Current definition","METH2011","Income definition until 2011","2001","2001","0_TO_1","0-1 scale","0","Units",,,0.261,,
"FIN","Finland","GINI","Gini (disposable income, post taxes and transfers)","TOT","Total population","CURRENT","Current definition","METH2011","Income definition until 2011","2002","2002","0_TO_1","0-1 scale","0","Units",,,0.259,,
"FIN","Finland","GINI","Gini (disposable income, post taxes and transfers)","TOT","Total population","CURRENT","Current definition","METH2011","Income definition until 2011","2003","2003","0_TO_1","0-1 scale","0","Units",,,0.263,,
"FIN","Finland","GINI","Gini (disposable income, post taxes and transfers)","TOT","Total population","CURRENT","Current definition","METH2011","Income definition until 2011","2004","2004","0_TO_1","0-1 scale","0","Units",,,0.267,,
"FIN","Finland","GINI","Gini (disposable income, post taxes and transfers)","TOT","Total population","CURRENT","Current definition","METH2011","Income definition until 2011","2005","2005","0_TO_1","0-1 scale","0","Units",,,0.266,,
"FIN","Finland","GINI","Gini (disposable income, post taxes and transfers)","TOT","Total population","CURRENT","Current definition","METH2011","Income definition until 2011","2006","2006","0_TO_1","0-1 scale","0","Units",,,0.268,,
"FIN","Finland","GINI","Gini (disposable income, post taxes and transfers)","TOT","Total population","CURRENT","Current definition","METH2011","Income definition until 2011","2007","2007","0_TO_1","0-1 scale","0","Units",,,0.27,,
"FIN","Finland","GINI","Gini (disposable income, post taxes and transfers)","TOT","Total population","CURRENT","Current definition","METH2011","Income definition until 2011","2008","2008","0_TO_1","0-1 scale","0","Units",,,0.266,,
"FIN","Finland","GINI","Gini (disposable income, post taxes and transfers)","TOT","Total population","CURRENT","Current definition","METH2011","Income definition until 2011","2009","2009","0_TO_1","0-1 scale","0","Units",,,0.26,,
"FIN","Finland","GINI","Gini (disposable income, post taxes and transfers)","TOT","Total population","CURRENT","Current definition","METH2011","Income definition until 2011","2010","2010","0_TO_1","0-1 scale","0","Units",,,0.265,,
"FIN","Finland","GINI","Gini (disposable income, post taxes and transfers)","TOT","Total population","CURRENT","Current definition","METH2011","Income definition until 2011","2011","2011","0_TO_1","0-1 scale","0","Units",,,0.265,,
"FIN","Finland","GINI","Gini (disposable income, post taxes and transfers)","TOT","Total population","CURRENT","Current definition","METH2011","Income definition until 2011","2012","2012","0_TO_1","0-1 scale","0","Units",,,0.261,,
"FRA","France","GINI","Gini (disposable income, post taxes and transfers)","TOT","Total population","CURRENT","Current definition","METH2011","Income definition until 2011","1996","1996","0_TO_1","0-1 scale","0","Units",,,0.277,,
"FRA","France","GINI","Gini (disposable income, post taxes and transfers)","TOT","Total population","CURRENT","Current definition","METH2011","Income definition until 2011","1997","1997","0_TO_1","0-1 scale","0","Units",,,0.278,,
"FRA","France","GINI","Gini (disposable income, post taxes and transfers)","TOT","Total population","CURRENT","Current definition","METH2011","Income definition until 2011","1998","1998","0_TO_1","0-1 scale","0","Units",,,0.276,,
"FRA","France","GINI","Gini (disposable income, post taxes and transfers)","TOT","Total population","CURRENT","Current definition","METH2011","Income definition until 2011","1999","1999","0_TO_1","0-1 scale","0","Units",,,0.284,,
"FRA","France","GINI","Gini (disposable income, post taxes and transfers)","TOT","Total population","CURRENT","Current definition","METH2011","Income definition until 2011","2000","2000","0_TO_1","0-1 scale","0","Units",,,0.287,,
"FRA","France","GINI","Gini (disposable income, post taxes and transfers)","TOT","Total population","CURRENT","Current definition","METH2011","Income definition until 2011","2001","2001","0_TO_1","0-1 scale","0","Units",,,0.287,,
"FRA","France","GINI","Gini (disposable income, post taxes and transfers)","TOT","Total population","CURRENT","Current definition","METH2011","Income definition until 2011","2002","2002","0_TO_1","0-1 scale","0","Units",,,0.284,,
"FRA","France","GINI","Gini (disposable income, post taxes and transfers)","TOT","Total population","CURRENT","Current definition","METH2011","Income definition until 2011","2003","2003","0_TO_1","0-1 scale","0","Units",,,0.282,,
"FRA","France","GINI","Gini (disposable income, post taxes and transfers)","TOT","Total population","CURRENT","Current definition","METH2011","Income definition until 2011","2004","2004","0_TO_1","0-1 scale","0","Units",,,0.283,,
"FRA","France","GINI","Gini (disposable income, post taxes and transfers)","TOT","Total population","CURRENT","Current definition","METH2011","Income definition until 2011","2005","2005","0_TO_1","0-1 scale","0","Units",,,0.288,,
"FRA","France","GINI","Gini (disposable income, post taxes and transfers)","TOT","Total population","CURRENT","Current definition","METH2011","Income definition until 2011","2006","2006","0_TO_1","0-1 scale","0","Units",,,0.293,,
"FRA","France","GINI","Gini (disposable income, post taxes and transfers)","TOT","Total population","CURRENT","Current definition","METH2011","Income definition until 2011","2007","2007","0_TO_1","0-1 scale","0","Units",,,0.292,,
"FRA","France","GINI","Gini (disposable income, post taxes and transfers)","TOT","Total population","CURRENT","Current definition","METH2011","Income definition until 2011","2008","2008","0_TO_1","0-1 scale","0","Units",,,0.293,,
"FRA","France","GINI","Gini (disposable income, post taxes and transfers)","TOT","Total population","CURRENT","Current definition","METH2011","Income definition until 2011","2009","2009","0_TO_1","0-1 scale","0","Units",,,0.293,,
"FRA","France","GINI","Gini (disposable income, post taxes and transfers)","TOT","Total population","CURRENT","Current definition","METH2011","Income definition until 2011","2010","2010","0_TO_1","0-1 scale","0","Units",,,0.303,,
"FRA","France","GINI","Gini (disposable income, post taxes and transfers)","TOT","Total population","CURRENT","Current definition","METH2011","Income definition until 2011","2011","2011","0_TO_1","0-1 scale","0","Units",,,0.309,,
"DEU","Germany","GINI","Gini (disposable income, post taxes and transfers)","TOT","Total population","CURRENT","Current definition","METH2011","Income definition until 2011","1985","1985","0_TO_1","0-1 scale","0","Units",,,0.251,,
"DEU","Germany","GINI","Gini (disposable income, post taxes and transfers)","TOT","Total population","CURRENT","Current definition","METH2011","Income definition until 2011","1990","1990","0_TO_1","0-1 scale","0","Units",,,0.256,,
"DEU","Germany","GINI","Gini (disposable income, post taxes and transfers)","TOT","Total population","CURRENT","Current definition","METH2011","Income definition until 2011","1992","1992","0_TO_1","0-1 scale","0","Units",,,0.263,,
"DEU","Germany","GINI","Gini (disposable income, post taxes and transfers)","TOT","Total population","CURRENT","Current definition","METH2011","Income definition until 2011","1993","1993","0_TO_1","0-1 scale","0","Units",,,0.262,,
"DEU","Germany","GINI","Gini (disposable income, post taxes and transfers)","TOT","Total population","CURRENT","Current definition","METH2011","Income definition until 2011","1994","1994","0_TO_1","0-1 scale","0","Units",,,0.268,,
"DEU","Germany","GINI","Gini (disposable income, post taxes and transfers)","TOT","Total population","CURRENT","Current definition","METH2011","Income definition until 2011","1995","1995","0_TO_1","0-1 scale","0","Units",,,0.266,,
"DEU","Germany","GINI","Gini (disposable income, post taxes and transfers)","TOT","Total population","CURRENT","Current definition","METH2011","Income definition until 2011","1996","1996","0_TO_1","0-1 scale","0","Units",,,0.26,,
"DEU","Germany","GINI","Gini (disposable income, post taxes and transfers)","TOT","Total population","CURRENT","Current definition","METH2011","Income definition until 2011","1997","1997","0_TO_1","0-1 scale","0","Units",,,0.259,,
"DEU","Germany","GINI","Gini (disposable income, post taxes and transfers)","TOT","Total population","CURRENT","Current definition","METH2011","Income definition until 2011","1998","1998","0_TO_1","0-1 scale","0","Units",,,0.259,,
"DEU","Germany","GINI","Gini (disposable income, post taxes and transfers)","TOT","Total population","CURRENT","Current definition","METH2011","Income definition until 2011","1999","1999","0_TO_1","0-1 scale","0","Units",,,0.259,,
"DEU","Germany","GINI","Gini (disposable income, post taxes and transfers)","TOT","Total population","CURRENT","Current definition","METH2011","Income definition until 2011","2000","2000","0_TO_1","0-1 scale","0","Units",,,0.264,,
"DEU","Germany","GINI","Gini (disposable income, post taxes and transfers)","TOT","Total population","CURRENT","Current definition","METH2011","Income definition until 2011","2001","2001","0_TO_1","0-1 scale","0","Units",,,0.27,,
"DEU","Germany","GINI","Gini (disposable income, post taxes and transfers)","TOT","Total population","CURRENT","Current definition","METH2011","Income definition until 2011","2002","2002","0_TO_1","0-1 scale","0","Units",,,0.28,,
"DEU","Germany","GINI","Gini (disposable income, post taxes and transfers)","TOT","Total population","CURRENT","Current definition","METH2011","Income definition until 2011","2003","2003","0_TO_1","0-1 scale","0","Units",,,0.282,,
"DEU","Germany","GINI","Gini (disposable income, post taxes and transfers)","TOT","Total population","CURRENT","Current definition","METH2011","Income definition until 2011","2004","2004","0_TO_1","0-1 scale","0","Units",,,0.285,,
"DEU","Germany","GINI","Gini (disposable income, post taxes and transfers)","TOT","Total population","CURRENT","Current definition","METH2011","Income definition until 2011","2005","2005","0_TO_1","0-1 scale","0","Units",,,0.297,,
"DEU","Germany","GINI","Gini (disposable income, post taxes and transfers)","TOT","Total population","CURRENT","Current definition","METH2011","Income definition until 2011","2006","2006","0_TO_1","0-1 scale","0","Units",,,0.29,,
"DEU","Germany","GINI","Gini (disposable income, post taxes and transfers)","TOT","Total population","CURRENT","Current definition","METH2011","Income definition until 2011","2007","2007","0_TO_1","0-1 scale","0","Units",,,0.295,,
"DEU","Germany","GINI","Gini (disposable income, post taxes and transfers)","TOT","Total population","CURRENT","Current definition","METH2011","Income definition until 2011","2008","2008","0_TO_1","0-1 scale","0","Units",,,0.287,,
"DEU","Germany","GINI","Gini (disposable income, post taxes and transfers)","TOT","Total population","CURRENT","Current definition","METH2011","Income definition until 2011","2009","2009","0_TO_1","0-1 scale","0","Units",,,0.288,,
"DEU","Germany","GINI","Gini (disposable income, post taxes and transfers)","TOT","Total population","CURRENT","Current definition","METH2011","Income definition until 2011","2010","2010","0_TO_1","0-1 scale","0","Units",,,0.286,,
"DEU","Germany","GINI","Gini (disposable income, post taxes and transfers)","TOT","Total population","CURRENT","Current definition","METH2011","Income definition until 2011","2011","2011","0_TO_1","0-1 scale","0","Units",,,0.293,,
"GRC","Greece","GINI","Gini (disposable income, post taxes and transfers)","TOT","Total population","CURRENT","Current definition","METH2011","Income definition until 2011","1974","1974","0_TO_1","0-1 scale","0","Units",,,0.432,,
"GRC","Greece","GINI","Gini (disposable income, post taxes and transfers)","TOT","Total population","CURRENT","Current definition","METH2011","Income definition until 2011","1986","1986","0_TO_1","0-1 scale","0","Units",,,0.352,,
"GRC","Greece","GINI","Gini (disposable income, post taxes and transfers)","TOT","Total population","CURRENT","Current definition","METH2011","Income definition until 2011","1994","1994","0_TO_1","0-1 scale","0","Units",,,0.352,,
"GRC","Greece","GINI","Gini (disposable income, post taxes and transfers)","TOT","Total population","CURRENT","Current definition","METH2011","Income definition until 2011","1999","1999","0_TO_1","0-1 scale","0","Units",,,0.361,,
"GRC","Greece","GINI","Gini (disposable income, post taxes and transfers)","TOT","Total population","CURRENT","Current definition","METH2011","Income definition until 2011","2004","2004","0_TO_1","0-1 scale","0","Units",,,0.336,,
"GRC","Greece","GINI","Gini (disposable income, post taxes and transfers)","TOT","Total population","CURRENT","Current definition","METH2011","Income definition until 2011","2005","2005","0_TO_1","0-1 scale","0","Units",,,0.346,,
"GRC","Greece","GINI","Gini (disposable income, post taxes and transfers)","TOT","Total population","CURRENT","Current definition","METH2011","Income definition until 2011","2006","2006","0_TO_1","0-1 scale","0","Units",,,0.34,,
"GRC","Greece","GINI","Gini (disposable income, post taxes and transfers)","TOT","Total population","CURRENT","Current definition","METH2011","Income definition until 2011","2008","2008","0_TO_1","0-1 scale","0","Units",,,0.33,,
"GRC","Greece","GINI","Gini (disposable income, post taxes and transfers)","TOT","Total population","CURRENT","Current definition","METH2011","Income definition until 2011","2009","2009","0_TO_1","0-1 scale","0","Units",,,0.331,,
"GRC","Greece","GINI","Gini (disposable income, post taxes and transfers)","TOT","Total population","CURRENT","Current definition","METH2011","Income definition until 2011","2010","2010","0_TO_1","0-1 scale","0","Units",,,0.337,,
"GRC","Greece","GINI","Gini (disposable income, post taxes and transfers)","TOT","Total population","CURRENT","Current definition","METH2011","Income definition until 2011","2011","2011","0_TO_1","0-1 scale","0","Units",,,0.335,,
"GRC","Greece","GINI","Gini (disposable income, post taxes and transfers)","TOT","Total population","CURRENT","Current definition","METH2011","Income definition until 2011","2012","2012","0_TO_1","0-1 scale","0","Units",,,0.34,,
"GRC","Greece","GINI","Gini (disposable income, post taxes and transfers)","TOT","Total population","CURRENT","Current definition","METH2011","Income definition until 2011","2013","2013","0_TO_1","0-1 scale","0","Units",,,0.343,,
"HUN","Hungary","GINI","Gini (disposable income, post taxes and transfers)","TOT","Total population","CURRENT","Current definition","METH2011","Income definition until 2011","1991","1991","0_TO_1","0-1 scale","0","Units",,,0.273,,
"HUN","Hungary","GINI","Gini (disposable income, post taxes and transfers)","TOT","Total population","CURRENT","Current definition","METH2011","Income definition until 2011","1992","1992","0_TO_1","0-1 scale","0","Units",,,0.282,,
"HUN","Hungary","GINI","Gini (disposable income, post taxes and transfers)","TOT","Total population","CURRENT","Current definition","METH2011","Income definition until 2011","1993","1993","0_TO_1","0-1 scale","0","Units",,,0.299,,
"HUN","Hungary","GINI","Gini (disposable income, post taxes and transfers)","TOT","Total population","CURRENT","Current definition","METH2011","Income definition until 2011","1994","1994","0_TO_1","0-1 scale","0","Units",,,0.299,,
"HUN","Hungary","GINI","Gini (disposable income, post taxes and transfers)","TOT","Total population","CURRENT","Current definition","METH2011","Income definition until 2011","1995","1995","0_TO_1","0-1 scale","0","Units",,,0.294,,
"HUN","Hungary","GINI","Gini (disposable income, post taxes and transfers)","TOT","Total population","CURRENT","Current definition","METH2011","Income definition until 2011","1996","1996","0_TO_1","0-1 scale","0","Units",,,0.294,,
"HUN","Hungary","GINI","Gini (disposable income, post taxes and transfers)","TOT","Total population","CURRENT","Current definition","METH2011","Income definition until 2011","1997","1997","0_TO_1","0-1 scale","0","Units",,,0.281,,
"HUN","Hungary","GINI","Gini (disposable income, post taxes and transfers)","TOT","Total population","CURRENT","Current definition","METH2011","Income definition until 2011","1998","1998","0_TO_1","0-1 scale","0","Units",,,0.284,,
"HUN","Hungary","GINI","Gini (disposable income, post taxes and transfers)","TOT","Total population","CURRENT","Current definition","METH2011","Income definition until 2011","1999","1999","0_TO_1","0-1 scale","0","Units",,,0.294,,
"HUN","Hungary","GINI","Gini (disposable income, post taxes and transfers)","TOT","Total population","CURRENT","Current definition","METH2011","Income definition until 2011","2000","2000","0_TO_1","0-1 scale","0","Units",,,0.293,,
"HUN","Hungary","GINI","Gini (disposable income, post taxes and transfers)","TOT","Total population","CURRENT","Current definition","METH2011","Income definition until 2011","2003","2003","0_TO_1","0-1 scale","0","Units",,,0.303,,
"HUN","Hungary","GINI","Gini (disposable income, post taxes and transfers)","TOT","Total population","CURRENT","Current definition","METH2011","Income definition until 2011","2005","2005","0_TO_1","0-1 scale","0","Units",,,0.291,,
"HUN","Hungary","GINI","Gini (disposable income, post taxes and transfers)","TOT","Total population","CURRENT","Current definition","METH2011","Income definition until 2011","2007","2007","0_TO_1","0-1 scale","0","Units",,,0.272,,
"HUN","Hungary","GINI","Gini (disposable income, post taxes and transfers)","TOT","Total population","CURRENT","Current definition","METH2011","Income definition until 2011","2009","2009","0_TO_1","0-1 scale","0","Units",,,0.272,,
"HUN","Hungary","GINI","Gini (disposable income, post taxes and transfers)","TOT","Total population","CURRENT","Current definition","METH2011","Income definition until 2011","2012","2012","0_TO_1","0-1 scale","0","Units",,,0.29,,
"ISL","Iceland","GINI","Gini (disposable income, post taxes and transfers)","TOT","Total population","CURRENT","Current definition","METH2011","Income definition until 2011","2004","2004","0_TO_1","0-1 scale","0","Units",,,0.261,,
"ISL","Iceland","GINI","Gini (disposable income, post taxes and transfers)","TOT","Total population","CURRENT","Current definition","METH2011","Income definition until 2011","2005","2005","0_TO_1","0-1 scale","0","Units",,,0.273,,
"ISL","Iceland","GINI","Gini (disposable income, post taxes and transfers)","TOT","Total population","CURRENT","Current definition","METH2011","Income definition until 2011","2006","2006","0_TO_1","0-1 scale","0","Units",,,0.291,,
"ISL","Iceland","GINI","Gini (disposable income, post taxes and transfers)","TOT","Total population","CURRENT","Current definition","METH2011","Income definition until 2011","2007","2007","0_TO_1","0-1 scale","0","Units",,,0.283,,
"ISL","Iceland","GINI","Gini (disposable income, post taxes and transfers)","TOT","Total population","CURRENT","Current definition","METH2011","Income definition until 2011","2008","2008","0_TO_1","0-1 scale","0","Units",,,0.304,,
"ISL","Iceland","GINI","Gini (disposable income, post taxes and transfers)","TOT","Total population","CURRENT","Current definition","METH2011","Income definition until 2011","2009","2009","0_TO_1","0-1 scale","0","Units",,,0.266,,
"ISL","Iceland","GINI","Gini (disposable income, post taxes and transfers)","TOT","Total population","CURRENT","Current definition","METH2011","Income definition until 2011","2010","2010","0_TO_1","0-1 scale","0","Units",,,0.245,,
"ISL","Iceland","GINI","Gini (disposable income, post taxes and transfers)","TOT","Total population","CURRENT","Current definition","METH2011","Income definition until 2011","2011","2011","0_TO_1","0-1 scale","0","Units",,,0.25,,
"ISL","Iceland","GINI","Gini (disposable income, post taxes and transfers)","TOT","Total population","CURRENT","Current definition","METH2011","Income definition until 2011","2012","2012","0_TO_1","0-1 scale","0","Units",,,0.252,,
"ISL","Iceland","GINI","Gini (disposable income, post taxes and transfers)","TOT","Total population","CURRENT","Current definition","METH2011","Income definition until 2011","2013","2013","0_TO_1","0-1 scale","0","Units",,,0.24,,
"IRL","Ireland","GINI","Gini (disposable income, post taxes and transfers)","TOT","Total population","CURRENT","Current definition","METH2011","Income definition until 2011","2004","2004","0_TO_1","0-1 scale","0","Units",,,0.323,,
"IRL","Ireland","GINI","Gini (disposable income, post taxes and transfers)","TOT","Total population","CURRENT","Current definition","METH2011","Income definition until 2011","2005","2005","0_TO_1","0-1 scale","0","Units",,,0.323,,
"IRL","Ireland","GINI","Gini (disposable income, post taxes and transfers)","TOT","Total population","CURRENT","Current definition","METH2011","Income definition until 2011","2006","2006","0_TO_1","0-1 scale","0","Units",,,0.315,,
"IRL","Ireland","GINI","Gini (disposable income, post taxes and transfers)","TOT","Total population","CURRENT","Current definition","METH2011","Income definition until 2011","2007","2007","0_TO_1","0-1 scale","0","Units",,,0.303,,
"IRL","Ireland","GINI","Gini (disposable income, post taxes and transfers)","TOT","Total population","CURRENT","Current definition","METH2011","Income definition until 2011","2008","2008","0_TO_1","0-1 scale","0","Units",,,0.295,,
"IRL","Ireland","GINI","Gini (disposable income, post taxes and transfers)","TOT","Total population","CURRENT","Current definition","METH2011","Income definition until 2011","2009","2009","0_TO_1","0-1 scale","0","Units",,,0.312,,
"IRL","Ireland","GINI","Gini (disposable income, post taxes and transfers)","TOT","Total population","CURRENT","Current definition","METH2011","Income definition until 2011","2010","2010","0_TO_1","0-1 scale","0","Units",,,0.298,,
"IRL","Ireland","GINI","Gini (disposable income, post taxes and transfers)","TOT","Total population","CURRENT","Current definition","METH2011","Income definition until 2011","2011","2011","0_TO_1","0-1 scale","0","Units",,,0.3,,
"IRL","Ireland","GINI","Gini (disposable income, post taxes and transfers)","TOT","Total population","CURRENT","Current definition","METH2011","Income definition until 2011","2012","2012","0_TO_1","0-1 scale","0","Units",,,0.302,,
"IRL","Ireland","GINI","Gini (disposable income, post taxes and transfers)","TOT","Total population","CURRENT","Current definition","METH2011","Income definition until 2011","2013","2013","0_TO_1","0-1 scale","0","Units",,,0.307,,
"ITA","Italy","GINI","Gini (disposable income, post taxes and transfers)","TOT","Total population","CURRENT","Current definition","METH2011","Income definition until 2011","1984","1984","0_TO_1","0-1 scale","0","Units",,,0.291,,
"ITA","Italy","GINI","Gini (disposable income, post taxes and transfers)","TOT","Total population","CURRENT","Current definition","METH2011","Income definition until 2011","1991","1991","0_TO_1","0-1 scale","0","Units",,,0.279,,
"ITA","Italy","GINI","Gini (disposable income, post taxes and transfers)","TOT","Total population","CURRENT","Current definition","METH2011","Income definition until 2011","1995","1995","0_TO_1","0-1 scale","0","Units",,,0.327,,
"ITA","Italy","GINI","Gini (disposable income, post taxes and transfers)","TOT","Total population","CURRENT","Current definition","METH2011","Income definition until 2011","2000","2000","0_TO_1","0-1 scale","0","Units",,,0.323,,
"ITA","Italy","GINI","Gini (disposable income, post taxes and transfers)","TOT","Total population","CURRENT","Current definition","METH2011","Income definition until 2011","2004","2004","0_TO_1","0-1 scale","0","Units",,,0.331,,
"ITA","Italy","GINI","Gini (disposable income, post taxes and transfers)","TOT","Total population","CURRENT","Current definition","METH2011","Income definition until 2011","2008","2008","0_TO_1","0-1 scale","0","Units",,,0.317,,
"ITA","Italy","GINI","Gini (disposable income, post taxes and transfers)","TOT","Total population","CURRENT","Current definition","METH2011","Income definition until 2011","2009","2009","0_TO_1","0-1 scale","0","Units",,,0.315,,
"ITA","Italy","GINI","Gini (disposable income, post taxes and transfers)","TOT","Total population","CURRENT","Current definition","METH2011","Income definition until 2011","2010","2010","0_TO_1","0-1 scale","0","Units",,,0.321,,
"ITA","Italy","GINI","Gini (disposable income, post taxes and transfers)","TOT","Total population","CURRENT","Current definition","METH2011","Income definition until 2011","2011","2011","0_TO_1","0-1 scale","0","Units",,,0.326,,
"ITA","Italy","GINI","Gini (disposable income, post taxes and transfers)","TOT","Total population","CURRENT","Current definition","METH2011","Income definition until 2011","2012","2012","0_TO_1","0-1 scale","0","Units",,,0.329,,
"ITA","Italy","GINI","Gini (disposable income, post taxes and transfers)","TOT","Total population","CURRENT","Current definition","METH2011","Income definition until 2011","2013","2013","0_TO_1","0-1 scale","0","Units",,,0.324,,
"JPN","Japan","GINI","Gini (disposable income, post taxes and transfers)","TOT","Total population","CURRENT","Current definition","METH2011","Income definition until 2011","1985","1985","0_TO_1","0-1 scale","0","Units",,,0.304,,
"JPN","Japan","GINI","Gini (disposable income, post taxes and transfers)","TOT","Total population","CURRENT","Current definition","METH2011","Income definition until 2011","1995","1995","0_TO_1","0-1 scale","0","Units",,,0.323,,
"JPN","Japan","GINI","Gini (disposable income, post taxes and transfers)","TOT","Total population","CURRENT","Current definition","METH2011","Income definition until 2011","2000","2000","0_TO_1","0-1 scale","0","Units",,,0.337,,
"JPN","Japan","GINI","Gini (disposable income, post taxes and transfers)","TOT","Total population","CURRENT","Current definition","METH2011","Income definition until 2011","2003","2003","0_TO_1","0-1 scale","0","Units",,,0.321,,
"JPN","Japan","GINI","Gini (disposable income, post taxes and transfers)","TOT","Total population","CURRENT","Current definition","METH2011","Income definition until 2011","2006","2006","0_TO_1","0-1 scale","0","Units",,,0.329,,
"JPN","Japan","GINI","Gini (disposable income, post taxes and transfers)","TOT","Total population","CURRENT","Current definition","METH2011","Income definition until 2011","2009","2009","0_TO_1","0-1 scale","0","Units",,,0.336,,
"JPN","Japan","GINI","Gini (disposable income, post taxes and transfers)","TOT","Total population","CURRENT","Current definition","METH2011","Income definition until 2011","2012","2012","0_TO_1","0-1 scale","0","Units",,,0.33,,
"KOR","Korea","GINI","Gini (disposable income, post taxes and transfers)","TOT","Total population","CURRENT","Current definition","METH2011","Income definition until 2011","2006","2006","0_TO_1","0-1 scale","0","Units",,,0.306,,
"KOR","Korea","GINI","Gini (disposable income, post taxes and transfers)","TOT","Total population","CURRENT","Current definition","METH2011","Income definition until 2011","2007","2007","0_TO_1","0-1 scale","0","Units",,,0.312,,
"KOR","Korea","GINI","Gini (disposable income, post taxes and transfers)","TOT","Total population","CURRENT","Current definition","METH2011","Income definition until 2011","2008","2008","0_TO_1","0-1 scale","0","Units",,,0.314,,
"KOR","Korea","GINI","Gini (disposable income, post taxes and transfers)","TOT","Total population","CURRENT","Current definition","METH2011","Income definition until 2011","2009","2009","0_TO_1","0-1 scale","0","Units",,,0.314,,
"KOR","Korea","GINI","Gini (disposable income, post taxes and transfers)","TOT","Total population","CURRENT","Current definition","METH2011","Income definition until 2011","2010","2010","0_TO_1","0-1 scale","0","Units",,,0.31,,
"KOR","Korea","GINI","Gini (disposable income, post taxes and transfers)","TOT","Total population","CURRENT","Current definition","METH2011","Income definition until 2011","2011","2011","0_TO_1","0-1 scale","0","Units",,,0.311,,
"KOR","Korea","GINI","Gini (disposable income, post taxes and transfers)","TOT","Total population","CURRENT","Current definition","METH2011","Income definition until 2011","2012","2012","0_TO_1","0-1 scale","0","Units",,,0.307,,
"LUX","Luxembourg","GINI","Gini (disposable income, post taxes and transfers)","TOT","Total population","CURRENT","Current definition","METH2011","Income definition until 2011","1986","1986","0_TO_1","0-1 scale","0","Units",,,0.247,,
"LUX","Luxembourg","GINI","Gini (disposable income, post taxes and transfers)","TOT","Total population","CURRENT","Current definition","METH2011","Income definition until 2011","1996","1996","0_TO_1","0-1 scale","0","Units",,,0.259,,
"LUX","Luxembourg","GINI","Gini (disposable income, post taxes and transfers)","TOT","Total population","CURRENT","Current definition","METH2011","Income definition until 2011","2001","2001","0_TO_1","0-1 scale","0","Units",,,0.261,,
"LUX","Luxembourg","GINI","Gini (disposable income, post taxes and transfers)","TOT","Total population","CURRENT","Current definition","METH2011","Income definition until 2011","2004","2004","0_TO_1","0-1 scale","0","Units",,,0.263,,
"LUX","Luxembourg","GINI","Gini (disposable income, post taxes and transfers)","TOT","Total population","CURRENT","Current definition","METH2011","Income definition until 2011","2005","2005","0_TO_1","0-1 scale","0","Units",,,0.281,,
"LUX","Luxembourg","GINI","Gini (disposable income, post taxes and transfers)","TOT","Total population","CURRENT","Current definition","METH2011","Income definition until 2011","2006","2006","0_TO_1","0-1 scale","0","Units",,,0.274,,
"LUX","Luxembourg","GINI","Gini (disposable income, post taxes and transfers)","TOT","Total population","CURRENT","Current definition","METH2011","Income definition until 2011","2007","2007","0_TO_1","0-1 scale","0","Units",,,0.275,,
"LUX","Luxembourg","GINI","Gini (disposable income, post taxes and transfers)","TOT","Total population","CURRENT","Current definition","METH2011","Income definition until 2011","2008","2008","0_TO_1","0-1 scale","0","Units",,,0.289,,
"LUX","Luxembourg","GINI","Gini (disposable income, post taxes and transfers)","TOT","Total population","CURRENT","Current definition","METH2011","Income definition until 2011","2009","2009","0_TO_1","0-1 scale","0","Units",,,0.277,,
"LUX","Luxembourg","GINI","Gini (disposable income, post taxes and transfers)","TOT","Total population","CURRENT","Current definition","METH2011","Income definition until 2011","2010","2010","0_TO_1","0-1 scale","0","Units",,,0.27,,
"LUX","Luxembourg","GINI","Gini (disposable income, post taxes and transfers)","TOT","Total population","CURRENT","Current definition","METH2011","Income definition until 2011","2011","2011","0_TO_1","0-1 scale","0","Units",,,0.276,,
"LUX","Luxembourg","GINI","Gini (disposable income, post taxes and transfers)","TOT","Total population","CURRENT","Current definition","METH2011","Income definition until 2011","2012","2012","0_TO_1","0-1 scale","0","Units",,,0.298,,
"LUX","Luxembourg","GINI","Gini (disposable income, post taxes and transfers)","TOT","Total population","CURRENT","Current definition","METH2011","Income definition until 2011","2013","2013","0_TO_1","0-1 scale","0","Units",,,0.279,,
"MEX","Mexico","GINI","Gini (disposable income, post taxes and transfers)","TOT","Total population","CURRENT","Current definition","METH2011","Income definition until 2011","1984","1984","0_TO_1","0-1 scale","0","Units",,,0.452,,
"MEX","Mexico","GINI","Gini (disposable income, post taxes and transfers)","TOT","Total population","CURRENT","Current definition","METH2011","Income definition until 2011","1989","1989","0_TO_1","0-1 scale","0","Units",,,0.495,,
"MEX","Mexico","GINI","Gini (disposable income, post taxes and transfers)","TOT","Total population","CURRENT","Current definition","METH2011","Income definition until 2011","1992","1992","0_TO_1","0-1 scale","0","Units",,,0.512,,
"MEX","Mexico","GINI","Gini (disposable income, post taxes and transfers)","TOT","Total population","CURRENT","Current definition","METH2011","Income definition until 2011","1994","1994","0_TO_1","0-1 scale","0","Units",,,0.519,,
"MEX","Mexico","GINI","Gini (disposable income, post taxes and transfers)","TOT","Total population","CURRENT","Current definition","METH2011","Income definition until 2011","1996","1996","0_TO_1","0-1 scale","0","Units",,,0.504,,
"MEX","Mexico","GINI","Gini (disposable income, post taxes and transfers)","TOT","Total population","CURRENT","Current definition","METH2011","Income definition until 2011","1998","1998","0_TO_1","0-1 scale","0","Units",,,0.513,,
"MEX","Mexico","GINI","Gini (disposable income, post taxes and transfers)","TOT","Total population","CURRENT","Current definition","METH2011","Income definition until 2011","2000","2000","0_TO_1","0-1 scale","0","Units",,,0.507,,
"MEX","Mexico","GINI","Gini (disposable income, post taxes and transfers)","TOT","Total population","CURRENT","Current definition","METH2011","Income definition until 2011","2002","2002","0_TO_1","0-1 scale","0","Units",,,0.487,,
"MEX","Mexico","GINI","Gini (disposable income, post taxes and transfers)","TOT","Total population","CURRENT","Current definition","METH2011","Income definition until 2011","2004","2004","0_TO_1","0-1 scale","0","Units",,,0.474,,
"MEX","Mexico","GINI","Gini (disposable income, post taxes and transfers)","TOT","Total population","CURRENT","Current definition","METH2011","Income definition until 2011","2005","2005","0_TO_1","0-1 scale","0","Units",,,0.486,,
"MEX","Mexico","GINI","Gini (disposable income, post taxes and transfers)","TOT","Total population","CURRENT","Current definition","METH2011","Income definition until 2011","2006","2006","0_TO_1","0-1 scale","0","Units",,,0.471,,
"MEX","Mexico","GINI","Gini (disposable income, post taxes and transfers)","TOT","Total population","CURRENT","Current definition","METH2011","Income definition until 2011","2008","2008","0_TO_1","0-1 scale","0","Units",,,0.475,,
"MEX","Mexico","GINI","Gini (disposable income, post taxes and transfers)","TOT","Total population","CURRENT","Current definition","METH2011","Income definition until 2011","2010","2010","0_TO_1","0-1 scale","0","Units",,,0.466,,
"MEX","Mexico","GINI","Gini (disposable income, post taxes and transfers)","TOT","Total population","CURRENT","Current definition","METH2011","Income definition until 2011","2012","2012","0_TO_1","0-1 scale","0","Units",,,0.482,,
"NLD","Netherlands","GINI","Gini (disposable income, post taxes and transfers)","TOT","Total population","CURRENT","Current definition","METH2011","Income definition until 2011","1977","1977","0_TO_1","0-1 scale","0","Units",,,0.263,,
"NLD","Netherlands","GINI","Gini (disposable income, post taxes and transfers)","TOT","Total population","CURRENT","Current definition","METH2011","Income definition until 2011","1985","1985","0_TO_1","0-1 scale","0","Units",,,0.272,,
"NLD","Netherlands","GINI","Gini (disposable income, post taxes and transfers)","TOT","Total population","CURRENT","Current definition","METH2011","Income definition until 2011","1990","1990","0_TO_1","0-1 scale","0","Units",,,0.292,,
"NLD","Netherlands","GINI","Gini (disposable income, post taxes and transfers)","TOT","Total population","CURRENT","Current definition","METH2011","Income definition until 2011","1995","1995","0_TO_1","0-1 scale","0","Units",,,0.297,,
"NLD","Netherlands","GINI","Gini (disposable income, post taxes and transfers)","TOT","Total population","CURRENT","Current definition","METH2011","Income definition until 2011","2000","2000","0_TO_1","0-1 scale","0","Units",,,0.292,,
"NLD","Netherlands","GINI","Gini (disposable income, post taxes and transfers)","TOT","Total population","CURRENT","Current definition","METH2011","Income definition until 2011","2005","2005","0_TO_1","0-1 scale","0","Units",,,0.284,,
"NLD","Netherlands","GINI","Gini (disposable income, post taxes and transfers)","TOT","Total population","CURRENT","Current definition","METH2011","Income definition until 2011","2006","2006","0_TO_1","0-1 scale","0","Units",,,0.28,,
"NLD","Netherlands","GINI","Gini (disposable income, post taxes and transfers)","TOT","Total population","CURRENT","Current definition","METH2011","Income definition until 2011","2007","2007","0_TO_1","0-1 scale","0","Units",,,0.295,,
"NLD","Netherlands","GINI","Gini (disposable income, post taxes and transfers)","TOT","Total population","CURRENT","Current definition","METH2011","Income definition until 2011","2008","2008","0_TO_1","0-1 scale","0","Units",,,0.286,,
"NLD","Netherlands","GINI","Gini (disposable income, post taxes and transfers)","TOT","Total population","CURRENT","Current definition","METH2011","Income definition until 2011","2009","2009","0_TO_1","0-1 scale","0","Units",,,0.283,,
"NLD","Netherlands","GINI","Gini (disposable income, post taxes and transfers)","TOT","Total population","CURRENT","Current definition","METH2011","Income definition until 2011","2010","2010","0_TO_1","0-1 scale","0","Units",,,0.283,,
"NLD","Netherlands","GINI","Gini (disposable income, post taxes and transfers)","TOT","Total population","CURRENT","Current definition","METH2011","Income definition until 2011","2012","2012","0_TO_1","0-1 scale","0","Units",,,0.278,,
"NZL","New Zealand","GINI","Gini (disposable income, post taxes and transfers)","TOT","Total population","CURRENT","Current definition","METH2011","Income definition until 2011","1985","1985","0_TO_1","0-1 scale","0","Units",,,0.271,,
"NZL","New Zealand","GINI","Gini (disposable income, post taxes and transfers)","TOT","Total population","CURRENT","Current definition","METH2011","Income definition until 2011","1990","1990","0_TO_1","0-1 scale","0","Units",,,0.318,,
"NZL","New Zealand","GINI","Gini (disposable income, post taxes and transfers)","TOT","Total population","CURRENT","Current definition","METH2011","Income definition until 2011","1995","1995","0_TO_1","0-1 scale","0","Units",,,0.335,,
"NZL","New Zealand","GINI","Gini (disposable income, post taxes and transfers)","TOT","Total population","CURRENT","Current definition","METH2011","Income definition until 2011","2000","2000","0_TO_1","0-1 scale","0","Units",,,0.339,,
"NZL","New Zealand","GINI","Gini (disposable income, post taxes and transfers)","TOT","Total population","CURRENT","Current definition","METH2011","Income definition until 2011","2003","2003","0_TO_1","0-1 scale","0","Units",,,0.335,,
"NZL","New Zealand","GINI","Gini (disposable income, post taxes and transfers)","TOT","Total population","CURRENT","Current definition","METH2011","Income definition until 2011","2008","2008","0_TO_1","0-1 scale","0","Units",,,0.33,,
"NZL","New Zealand","GINI","Gini (disposable income, post taxes and transfers)","TOT","Total population","CURRENT","Current definition","METH2011","Income definition until 2011","2009","2009","0_TO_1","0-1 scale","0","Units",,,0.324,,
"NZL","New Zealand","GINI","Gini (disposable income, post taxes and transfers)","TOT","Total population","CURRENT","Current definition","METH2011","Income definition until 2011","2011","2011","0_TO_1","0-1 scale","0","Units",,,0.323,,
"NOR","Norway","GINI","Gini (disposable income, post taxes and transfers)","TOT","Total population","CURRENT","Current definition","METH2011","Income definition until 2011","1986","1986","0_TO_1","0-1 scale","0","Units",,,0.222,,
"NOR","Norway","GINI","Gini (disposable income, post taxes and transfers)","TOT","Total population","CURRENT","Current definition","METH2011","Income definition until 2011","1995","1995","0_TO_1","0-1 scale","0","Units",,,0.243,,
"NOR","Norway","GINI","Gini (disposable income, post taxes and transfers)","TOT","Total population","CURRENT","Current definition","METH2011","Income definition until 2011","2000","2000","0_TO_1","0-1 scale","0","Units",,,0.261,,
"NOR","Norway","GINI","Gini (disposable income, post taxes and transfers)","TOT","Total population","CURRENT","Current definition","METH2011","Income definition until 2011","2004","2004","0_TO_1","0-1 scale","0","Units",,,0.276,,
"NOR","Norway","GINI","Gini (disposable income, post taxes and transfers)","TOT","Total population","CURRENT","Current definition","METH2011","Income definition until 2011","2008","2008","0_TO_1","0-1 scale","0","Units",,,0.25,,
"NOR","Norway","GINI","Gini (disposable income, post taxes and transfers)","TOT","Total population","CURRENT","Current definition","METH2011","Income definition until 2011","2009","2009","0_TO_1","0-1 scale","0","Units",,,0.245,,
"NOR","Norway","GINI","Gini (disposable income, post taxes and transfers)","TOT","Total population","CURRENT","Current definition","METH2011","Income definition until 2011","2010","2010","0_TO_1","0-1 scale","0","Units",,,0.249,,
"NOR","Norway","GINI","Gini (disposable income, post taxes and transfers)","TOT","Total population","CURRENT","Current definition","METH2011","Income definition until 2011","2011","2011","0_TO_1","0-1 scale","0","Units",,,0.25,,
"POL","Poland","GINI","Gini (disposable income, post taxes and transfers)","TOT","Total population","CURRENT","Current definition","METH2011","Income definition until 2011","2004","2004","0_TO_1","0-1 scale","0","Units",,,0.375,,
"POL","Poland","GINI","Gini (disposable income, post taxes and transfers)","TOT","Total population","CURRENT","Current definition","METH2011","Income definition until 2011","2005","2005","0_TO_1","0-1 scale","0","Units",,,0.327,,
"POL","Poland","GINI","Gini (disposable income, post taxes and transfers)","TOT","Total population","CURRENT","Current definition","METH2011","Income definition until 2011","2006","2006","0_TO_1","0-1 scale","0","Units",,,0.317,,
"POL","Poland","GINI","Gini (disposable income, post taxes and transfers)","TOT","Total population","CURRENT","Current definition","METH2011","Income definition until 2011","2007","2007","0_TO_1","0-1 scale","0","Units",,,0.318,,
"POL","Poland","GINI","Gini (disposable income, post taxes and transfers)","TOT","Total population","CURRENT","Current definition","METH2011","Income definition until 2011","2008","2008","0_TO_1","0-1 scale","0","Units",,,0.31,,
"POL","Poland","GINI","Gini (disposable income, post taxes and transfers)","TOT","Total population","CURRENT","Current definition","METH2011","Income definition until 2011","2009","2009","0_TO_1","0-1 scale","0","Units",,,0.306,,
"POL","Poland","GINI","Gini (disposable income, post taxes and transfers)","TOT","Total population","CURRENT","Current definition","METH2011","Income definition until 2011","2010","2010","0_TO_1","0-1 scale","0","Units",,,0.307,,
"POL","Poland","GINI","Gini (disposable income, post taxes and transfers)","TOT","Total population","CURRENT","Current definition","METH2011","Income definition until 2011","2011","2011","0_TO_1","0-1 scale","0","Units",,,0.303,,
"POL","Poland","GINI","Gini (disposable income, post taxes and transfers)","TOT","Total population","CURRENT","Current definition","METH2011","Income definition until 2011","2012","2012","0_TO_1","0-1 scale","0","Units",,,0.3,,
"POL","Poland","GINI","Gini (disposable income, post taxes and transfers)","TOT","Total population","CURRENT","Current definition","METH2011","Income definition until 2011","2013","2013","0_TO_1","0-1 scale","0","Units",,,0.301,,
"PRT","Portugal","GINI","Gini (disposable income, post taxes and transfers)","TOT","Total population","CURRENT","Current definition","METH2011","Income definition until 2011","2004","2004","0_TO_1","0-1 scale","0","Units",,,0.383,,
"PRT","Portugal","GINI","Gini (disposable income, post taxes and transfers)","TOT","Total population","CURRENT","Current definition","METH2011","Income definition until 2011","2005","2005","0_TO_1","0-1 scale","0","Units",,,0.377,,
"PRT","Portugal","GINI","Gini (disposable income, post taxes and transfers)","TOT","Total population","CURRENT","Current definition","METH2011","Income definition until 2011","2006","2006","0_TO_1","0-1 scale","0","Units",,,0.37,,
"PRT","Portugal","GINI","Gini (disposable income, post taxes and transfers)","TOT","Total population","CURRENT","Current definition","METH2011","Income definition until 2011","2007","2007","0_TO_1","0-1 scale","0","Units",,,0.364,,
"PRT","Portugal","GINI","Gini (disposable income, post taxes and transfers)","TOT","Total population","CURRENT","Current definition","METH2011","Income definition until 2011","2008","2008","0_TO_1","0-1 scale","0","Units",,,0.358,,
"PRT","Portugal","GINI","Gini (disposable income, post taxes and transfers)","TOT","Total population","CURRENT","Current definition","METH2011","Income definition until 2011","2009","2009","0_TO_1","0-1 scale","0","Units",,,0.341,,
"PRT","Portugal","GINI","Gini (disposable income, post taxes and transfers)","TOT","Total population","CURRENT","Current definition","METH2011","Income definition until 2011","2010","2010","0_TO_1","0-1 scale","0","Units",,,0.345,,
"PRT","Portugal","GINI","Gini (disposable income, post taxes and transfers)","TOT","Total population","CURRENT","Current definition","METH2011","Income definition until 2011","2011","2011","0_TO_1","0-1 scale","0","Units",,,0.341,,
"PRT","Portugal","GINI","Gini (disposable income, post taxes and transfers)","TOT","Total population","CURRENT","Current definition","METH2011","Income definition until 2011","2012","2012","0_TO_1","0-1 scale","0","Units",,,0.341,,
"PRT","Portugal","GINI","Gini (disposable income, post taxes and transfers)","TOT","Total population","CURRENT","Current definition","METH2011","Income definition until 2011","2013","2013","0_TO_1","0-1 scale","0","Units",,,0.344,,
"SVK","Slovak Republic","GINI","Gini (disposable income, post taxes and transfers)","TOT","Total population","CURRENT","Current definition","METH2011","Income definition until 2011","2004","2004","0_TO_1","0-1 scale","0","Units",,,0.266,,
"SVK","Slovak Republic","GINI","Gini (disposable income, post taxes and transfers)","TOT","Total population","CURRENT","Current definition","METH2011","Income definition until 2011","2005","2005","0_TO_1","0-1 scale","0","Units",,,0.288,,
"SVK","Slovak Republic","GINI","Gini (disposable income, post taxes and transfers)","TOT","Total population","CURRENT","Current definition","METH2011","Income definition until 2011","2006","2006","0_TO_1","0-1 scale","0","Units",,,0.246,,
"SVK","Slovak Republic","GINI","Gini (disposable income, post taxes and transfers)","TOT","Total population","CURRENT","Current definition","METH2011","Income definition until 2011","2007","2007","0_TO_1","0-1 scale","0","Units",,,0.244,,
"SVK","Slovak Republic","GINI","Gini (disposable income, post taxes and transfers)","TOT","Total population","CURRENT","Current definition","METH2011","Income definition until 2011","2008","2008","0_TO_1","0-1 scale","0","Units",,,0.255,,
"SVK","Slovak Republic","GINI","Gini (disposable income, post taxes and transfers)","TOT","Total population","CURRENT","Current definition","METH2011","Income definition until 2011","2009","2009","0_TO_1","0-1 scale","0","Units",,,0.263,,
"SVK","Slovak Republic","GINI","Gini (disposable income, post taxes and transfers)","TOT","Total population","CURRENT","Current definition","METH2011","Income definition until 2011","2010","2010","0_TO_1","0-1 scale","0","Units",,,0.262,,
"SVK","Slovak Republic","GINI","Gini (disposable income, post taxes and transfers)","TOT","Total population","CURRENT","Current definition","METH2011","Income definition until 2011","2011","2011","0_TO_1","0-1 scale","0","Units",,,0.261,,
"SVK","Slovak Republic","GINI","Gini (disposable income, post taxes and transfers)","TOT","Total population","CURRENT","Current definition","METH2011","Income definition until 2011","2012","2012","0_TO_1","0-1 scale","0","Units",,,0.249,,
"SVK","Slovak Republic","GINI","Gini (disposable income, post taxes and transfers)","TOT","Total population","CURRENT","Current definition","METH2011","Income definition until 2011","2013","2013","0_TO_1","0-1 scale","0","Units",,,0.268,,
"SWE","Sweden","GINI","Gini (disposable income, post taxes and transfers)","TOT","Total population","CURRENT","Current definition","METH2011","Income definition until 2011","1975","1975","0_TO_1","0-1 scale","0","Units",,,0.212,,
"SWE","Sweden","GINI","Gini (disposable income, post taxes and transfers)","TOT","Total population","CURRENT","Current definition","METH2011","Income definition until 2011","1983","1983","0_TO_1","0-1 scale","0","Units",,,0.198,,
"SWE","Sweden","GINI","Gini (disposable income, post taxes and transfers)","TOT","Total population","CURRENT","Current definition","METH2011","Income definition until 2011","1991","1991","0_TO_1","0-1 scale","0","Units",,,0.209,,
"SWE","Sweden","GINI","Gini (disposable income, post taxes and transfers)","TOT","Total population","CURRENT","Current definition","METH2011","Income definition until 2011","1995","1995","0_TO_1","0-1 scale","0","Units",,,0.211,,
"SWE","Sweden","GINI","Gini (disposable income, post taxes and transfers)","TOT","Total population","CURRENT","Current definition","METH2011","Income definition until 2011","2000","2000","0_TO_1","0-1 scale","0","Units",,,0.243,,
"SWE","Sweden","GINI","Gini (disposable income, post taxes and transfers)","TOT","Total population","CURRENT","Current definition","METH2011","Income definition until 2011","2004","2004","0_TO_1","0-1 scale","0","Units",,,0.234,,
"SWE","Sweden","GINI","Gini (disposable income, post taxes and transfers)","TOT","Total population","CURRENT","Current definition","METH2011","Income definition until 2011","2008","2008","0_TO_1","0-1 scale","0","Units",,,0.259,,
"SWE","Sweden","GINI","Gini (disposable income, post taxes and transfers)","TOT","Total population","CURRENT","Current definition","METH2011","Income definition until 2011","2009","2009","0_TO_1","0-1 scale","0","Units",,,0.269,,
"SWE","Sweden","GINI","Gini (disposable income, post taxes and transfers)","TOT","Total population","CURRENT","Current definition","METH2011","Income definition until 2011","2010","2010","0_TO_1","0-1 scale","0","Units",,,0.269,,
"SWE","Sweden","GINI","Gini (disposable income, post taxes and transfers)","TOT","Total population","CURRENT","Current definition","METH2011","Income definition until 2011","2011","2011","0_TO_1","0-1 scale","0","Units",,,0.273,,
"CHE","Switzerland","GINI","Gini (disposable income, post taxes and transfers)","TOT","Total population","CURRENT","Current definition","METH2011","Income definition until 2011","2009","2009","0_TO_1","0-1 scale","0","Units",,,0.298,,
"CHE","Switzerland","GINI","Gini (disposable income, post taxes and transfers)","TOT","Total population","CURRENT","Current definition","METH2011","Income definition until 2011","2011","2011","0_TO_1","0-1 scale","0","Units",,,0.289,,
"TUR","Turkey","GINI","Gini (disposable income, post taxes and transfers)","TOT","Total population","CURRENT","Current definition","METH2011","Income definition until 2011","1987","1987","0_TO_1","0-1 scale","0","Units",,,0.434,,
"TUR","Turkey","GINI","Gini (disposable income, post taxes and transfers)","TOT","Total population","CURRENT","Current definition","METH2011","Income definition until 2011","1994","1994","0_TO_1","0-1 scale","0","Units",,,0.49,,
"TUR","Turkey","GINI","Gini (disposable income, post taxes and transfers)","TOT","Total population","CURRENT","Current definition","METH2011","Income definition until 2011","2004","2004","0_TO_1","0-1 scale","0","Units",,,0.43,,
"TUR","Turkey","GINI","Gini (disposable income, post taxes and transfers)","TOT","Total population","CURRENT","Current definition","METH2011","Income definition until 2011","2007","2007","0_TO_1","0-1 scale","0","Units",,,0.409,,
"TUR","Turkey","GINI","Gini (disposable income, post taxes and transfers)","TOT","Total population","CURRENT","Current definition","METH2011","Income definition until 2011","2009","2009","0_TO_1","0-1 scale","0","Units",,,0.411,,
"TUR","Turkey","GINI","Gini (disposable income, post taxes and transfers)","TOT","Total population","CURRENT","Current definition","METH2011","Income definition until 2011","2010","2010","0_TO_1","0-1 scale","0","Units",,,0.417,,
"TUR","Turkey","GINI","Gini (disposable income, post taxes and transfers)","TOT","Total population","CURRENT","Current definition","METH2011","Income definition until 2011","2011","2011","0_TO_1","0-1 scale","0","Units",,,0.412,,
"GBR","United Kingdom","GINI","Gini (disposable income, post taxes and transfers)","TOT","Total population","CURRENT","Current definition","METH2011","Income definition until 2011","1975","1975","0_TO_1","0-1 scale","0","Units",,,0.269,,
"GBR","United Kingdom","GINI","Gini (disposable income, post taxes and transfers)","TOT","Total population","CURRENT","Current definition","METH2011","Income definition until 2011","1985","1985","0_TO_1","0-1 scale","0","Units",,,0.309,,
"GBR","United Kingdom","GINI","Gini (disposable income, post taxes and transfers)","TOT","Total population","CURRENT","Current definition","METH2011","Income definition until 2011","1990","1990","0_TO_1","0-1 scale","0","Units",,,0.355,,
"GBR","United Kingdom","GINI","Gini (disposable income, post taxes and transfers)","TOT","Total population","CURRENT","Current definition","METH2011","Income definition until 2011","1994","1994","0_TO_1","0-1 scale","0","Units",,,0.337,,
"GBR","United Kingdom","GINI","Gini (disposable income, post taxes and transfers)","TOT","Total population","CURRENT","Current definition","METH2011","Income definition until 2011","1999","1999","0_TO_1","0-1 scale","0","Units",,,0.34,,
"GBR","United Kingdom","GINI","Gini (disposable income, post taxes and transfers)","TOT","Total population","CURRENT","Current definition","METH2011","Income definition until 2011","2000","2000","0_TO_1","0-1 scale","0","Units",,,0.352,,
"GBR","United Kingdom","GINI","Gini (disposable income, post taxes and transfers)","TOT","Total population","CURRENT","Current definition","METH2011","Income definition until 2011","2001","2001","0_TO_1","0-1 scale","0","Units",,,0.34,,
"GBR","United Kingdom","GINI","Gini (disposable income, post taxes and transfers)","TOT","Total population","CURRENT","Current definition","METH2011","Income definition until 2011","2002","2002","0_TO_1","0-1 scale","0","Units",,,0.335,,
"GBR","United Kingdom","GINI","Gini (disposable income, post taxes and transfers)","TOT","Total population","CURRENT","Current definition","METH2011","Income definition until 2011","2003","2003","0_TO_1","0-1 scale","0","Units",,,0.335,,
"GBR","United Kingdom","GINI","Gini (disposable income, post taxes and transfers)","TOT","Total population","CURRENT","Current definition","METH2011","Income definition until 2011","2004","2004","0_TO_1","0-1 scale","0","Units",,,0.331,,
"GBR","United Kingdom","GINI","Gini (disposable income, post taxes and transfers)","TOT","Total population","CURRENT","Current definition","METH2011","Income definition until 2011","2005","2005","0_TO_1","0-1 scale","0","Units",,,0.335,,
"GBR","United Kingdom","GINI","Gini (disposable income, post taxes and transfers)","TOT","Total population","CURRENT","Current definition","METH2011","Income definition until 2011","2006","2006","0_TO_1","0-1 scale","0","Units",,,0.339,,
"GBR","United Kingdom","GINI","Gini (disposable income, post taxes and transfers)","TOT","Total population","CURRENT","Current definition","METH2011","Income definition until 2011","2007","2007","0_TO_1","0-1 scale","0","Units",,,0.341,,
"GBR","United Kingdom","GINI","Gini (disposable income, post taxes and transfers)","TOT","Total population","CURRENT","Current definition","METH2011","Income definition until 2011","2008","2008","0_TO_1","0-1 scale","0","Units",,,0.342,,
"GBR","United Kingdom","GINI","Gini (disposable income, post taxes and transfers)","TOT","Total population","CURRENT","Current definition","METH2011","Income definition until 2011","2009","2009","0_TO_1","0-1 scale","0","Units",,,0.345,,
"GBR","United Kingdom","GINI","Gini (disposable income, post taxes and transfers)","TOT","Total population","CURRENT","Current definition","METH2011","Income definition until 2011","2010","2010","0_TO_1","0-1 scale","0","Units",,,0.341,,
"USA","United States","GINI","Gini (disposable income, post taxes and transfers)","TOT","Total population","CURRENT","Current definition","METH2011","Income definition until 2011","1993","1993","0_TO_1","0-1 scale","0","Units",,,0.369,,
"USA","United States","GINI","Gini (disposable income, post taxes and transfers)","TOT","Total population","CURRENT","Current definition","METH2011","Income definition until 2011","1994","1994","0_TO_1","0-1 scale","0","Units",,,0.366,,
"USA","United States","GINI","Gini (disposable income, post taxes and transfers)","TOT","Total population","CURRENT","Current definition","METH2011","Income definition until 2011","1995","1995","0_TO_1","0-1 scale","0","Units",,,0.361,,
"USA","United States","GINI","Gini (disposable income, post taxes and transfers)","TOT","Total population","CURRENT","Current definition","METH2011","Income definition until 2011","1996","1996","0_TO_1","0-1 scale","0","Units",,,0.363,,
"USA","United States","GINI","Gini (disposable income, post taxes and transfers)","TOT","Total population","CURRENT","Current definition","METH2011","Income definition until 2011","1997","1997","0_TO_1","0-1 scale","0","Units",,,0.364,,
"USA","United States","GINI","Gini (disposable income, post taxes and transfers)","TOT","Total population","CURRENT","Current definition","METH2011","Income definition until 2011","1998","1998","0_TO_1","0-1 scale","0","Units",,,0.357,,
"USA","United States","GINI","Gini (disposable income, post taxes and transfers)","TOT","Total population","CURRENT","Current definition","METH2011","Income definition until 2011","1999","1999","0_TO_1","0-1 scale","0","Units",,,0.354,,
"USA","United States","GINI","Gini (disposable income, post taxes and transfers)","TOT","Total population","CURRENT","Current definition","METH2011","Income definition until 2011","2000","2000","0_TO_1","0-1 scale","0","Units",,,0.357,,
"USA","United States","GINI","Gini (disposable income, post taxes and transfers)","TOT","Total population","CURRENT","Current definition","METH2011","Income definition until 2011","2001","2001","0_TO_1","0-1 scale","0","Units",,,0.36,,
"USA","United States","GINI","Gini (disposable income, post taxes and transfers)","TOT","Total population","CURRENT","Current definition","METH2011","Income definition until 2011","2002","2002","0_TO_1","0-1 scale","0","Units",,,0.376,,
"USA","United States","GINI","Gini (disposable income, post taxes and transfers)","TOT","Total population","CURRENT","Current definition","METH2011","Income definition until 2011","2003","2003","0_TO_1","0-1 scale","0","Units",,,0.374,,
"USA","United States","GINI","Gini (disposable income, post taxes and transfers)","TOT","Total population","CURRENT","Current definition","METH2011","Income definition until 2011","2004","2004","0_TO_1","0-1 scale","0","Units",,,0.36,,
"USA","United States","GINI","Gini (disposable income, post taxes and transfers)","TOT","Total population","CURRENT","Current definition","METH2011","Income definition until 2011","2005","2005","0_TO_1","0-1 scale","0","Units",,,0.38,,
"USA","United States","GINI","Gini (disposable income, post taxes and transfers)","TOT","Total population","CURRENT","Current definition","METH2011","Income definition until 2011","2006","2006","0_TO_1","0-1 scale","0","Units",,,0.384,,
"USA","United States","GINI","Gini (disposable income, post taxes and transfers)","TOT","Total population","CURRENT","Current definition","METH2011","Income definition until 2011","2007","2007","0_TO_1","0-1 scale","0","Units",,,0.376,,
"USA","United States","GINI","Gini (disposable income, post taxes and transfers)","TOT","Total population","CURRENT","Current definition","METH2011","Income definition until 2011","2008","2008","0_TO_1","0-1 scale","0","Units",,,0.378,,
"USA","United States","GINI","Gini (disposable income, post taxes and transfers)","TOT","Total population","CURRENT","Current definition","METH2011","Income definition until 2011","2009","2009","0_TO_1","0-1 scale","0","Units",,,0.379,,
"USA","United States","GINI","Gini (disposable income, post taxes and transfers)","TOT","Total population","CURRENT","Current definition","METH2011","Income definition until 2011","2010","2010","0_TO_1","0-1 scale","0","Units",,,0.38,,
"USA","United States","GINI","Gini (disposable income, post taxes and transfers)","TOT","Total population","CURRENT","Current definition","METH2011","Income definition until 2011","2011","2011","0_TO_1","0-1 scale","0","Units",,,0.389,,
"USA","United States","GINI","Gini (disposable income, post taxes and transfers)","TOT","Total population","CURRENT","Current definition","METH2011","Income definition until 2011","2012","2012","0_TO_1","0-1 scale","0","Units",,,0.389,,
"CHL","Chile","GINI","Gini (disposable income, post taxes and transfers)","TOT","Total population","CURRENT","Current definition","METH2011","Income definition until 2011","2006","2006","0_TO_1","0-1 scale","0","Units",,,0.511,,
"CHL","Chile","GINI","Gini (disposable income, post taxes and transfers)","TOT","Total population","CURRENT","Current definition","METH2011","Income definition until 2011","2009","2009","0_TO_1","0-1 scale","0","Units",,,0.51,,
"CHL","Chile","GINI","Gini (disposable income, post taxes and transfers)","TOT","Total population","CURRENT","Current definition","METH2011","Income definition until 2011","2011","2011","0_TO_1","0-1 scale","0","Units",,,0.503,,
"EST","Estonia","GINI","Gini (disposable income, post taxes and transfers)","TOT","Total population","CURRENT","Current definition","METH2011","Income definition until 2011","2004","2004","0_TO_1","0-1 scale","0","Units",,,0.346,,
"EST","Estonia","GINI","Gini (disposable income, post taxes and transfers)","TOT","Total population","CURRENT","Current definition","METH2011","Income definition until 2011","2005","2005","0_TO_1","0-1 scale","0","Units",,,0.335,,
"EST","Estonia","GINI","Gini (disposable income, post taxes and transfers)","TOT","Total population","CURRENT","Current definition","METH2011","Income definition until 2011","2006","2006","0_TO_1","0-1 scale","0","Units",,,0.338,,
"EST","Estonia","GINI","Gini (disposable income, post taxes and transfers)","TOT","Total population","CURRENT","Current definition","METH2011","Income definition until 2011","2007","2007","0_TO_1","0-1 scale","0","Units",,,0.312,,
"EST","Estonia","GINI","Gini (disposable income, post taxes and transfers)","TOT","Total population","CURRENT","Current definition","METH2011","Income definition until 2011","2008","2008","0_TO_1","0-1 scale","0","Units",,,0.313,,
"EST","Estonia","GINI","Gini (disposable income, post taxes and transfers)","TOT","Total population","CURRENT","Current definition","METH2011","Income definition until 2011","2009","2009","0_TO_1","0-1 scale","0","Units",,,0.309,,
"EST","Estonia","GINI","Gini (disposable income, post taxes and transfers)","TOT","Total population","CURRENT","Current definition","METH2011","Income definition until 2011","2010","2010","0_TO_1","0-1 scale","0","Units",,,0.317,,
"EST","Estonia","GINI","Gini (disposable income, post taxes and transfers)","TOT","Total population","CURRENT","Current definition","METH2011","Income definition until 2011","2011","2011","0_TO_1","0-1 scale","0","Units",,,0.323,,
"EST","Estonia","GINI","Gini (disposable income, post taxes and transfers)","TOT","Total population","CURRENT","Current definition","METH2011","Income definition until 2011","2012","2012","0_TO_1","0-1 scale","0","Units",,,0.326,,
"EST","Estonia","GINI","Gini (disposable income, post taxes and transfers)","TOT","Total population","CURRENT","Current definition","METH2011","Income definition until 2011","2013","2013","0_TO_1","0-1 scale","0","Units",,,0.355,,
"ISR","Israel","GINI","Gini (disposable income, post taxes and transfers)","TOT","Total population","CURRENT","Current definition","METH2011","Income definition until 2011","1985","1985","0_TO_1","0-1 scale","0","Units",,,0.326,,
"ISR","Israel","GINI","Gini (disposable income, post taxes and transfers)","TOT","Total population","CURRENT","Current definition","METH2011","Income definition until 2011","1990","1990","0_TO_1","0-1 scale","0","Units",,,0.329,,
"ISR","Israel","GINI","Gini (disposable income, post taxes and transfers)","TOT","Total population","CURRENT","Current definition","METH2011","Income definition until 2011","1995","1995","0_TO_1","0-1 scale","0","Units",,,0.338,,
"ISR","Israel","GINI","Gini (disposable income, post taxes and transfers)","TOT","Total population","CURRENT","Current definition","METH2011","Income definition until 2011","2000","2000","0_TO_1","0-1 scale","0","Units",,,0.347,,
"ISR","Israel","GINI","Gini (disposable income, post taxes and transfers)","TOT","Total population","CURRENT","Current definition","METH2011","Income definition until 2011","2005","2005","0_TO_1","0-1 scale","0","Units",,,0.378,,
"ISR","Israel","GINI","Gini (disposable income, post taxes and transfers)","TOT","Total population","CURRENT","Current definition","METH2011","Income definition until 2011","2008","2008","0_TO_1","0-1 scale","0","Units",,,0.371,,
"ISR","Israel","GINI","Gini (disposable income, post taxes and transfers)","TOT","Total population","CURRENT","Current definition","METH2011","Income definition until 2011","2009","2009","0_TO_1","0-1 scale","0","Units",,,0.373,,
"ISR","Israel","GINI","Gini (disposable income, post taxes and transfers)","TOT","Total population","CURRENT","Current definition","METH2011","Income definition until 2011","2010","2010","0_TO_1","0-1 scale","0","Units",,,0.376,,
"ISR","Israel","GINI","Gini (disposable income, post taxes and transfers)","TOT","Total population","CURRENT","Current definition","METH2011","Income definition until 2011","2011","2011","0_TO_1","0-1 scale","0","Units",,,0.377,,
"SVN","Slovenia","GINI","Gini (disposable income, post taxes and transfers)","TOT","Total population","CURRENT","Current definition","METH2011","Income definition until 2011","2004","2004","0_TO_1","0-1 scale","0","Units",,,0.246,,
"SVN","Slovenia","GINI","Gini (disposable income, post taxes and transfers)","TOT","Total population","CURRENT","Current definition","METH2011","Income definition until 2011","2005","2005","0_TO_1","0-1 scale","0","Units",,,0.246,,
"SVN","Slovenia","GINI","Gini (disposable income, post taxes and transfers)","TOT","Total population","CURRENT","Current definition","METH2011","Income definition until 2011","2006","2006","0_TO_1","0-1 scale","0","Units",,,0.241,,
"SVN","Slovenia","GINI","Gini (disposable income, post taxes and transfers)","TOT","Total population","CURRENT","Current definition","METH2011","Income definition until 2011","2007","2007","0_TO_1","0-1 scale","0","Units",,,0.241,,
"SVN","Slovenia","GINI","Gini (disposable income, post taxes and transfers)","TOT","Total population","CURRENT","Current definition","METH2011","Income definition until 2011","2008","2008","0_TO_1","0-1 scale","0","Units",,,0.236,,
"SVN","Slovenia","GINI","Gini (disposable income, post taxes and transfers)","TOT","Total population","CURRENT","Current definition","METH2011","Income definition until 2011","2009","2009","0_TO_1","0-1 scale","0","Units",,,0.247,,
"SVN","Slovenia","GINI","Gini (disposable income, post taxes and transfers)","TOT","Total population","CURRENT","Current definition","METH2011","Income definition until 2011","2010","2010","0_TO_1","0-1 scale","0","Units",,,0.246,,
"SVN","Slovenia","GINI","Gini (disposable income, post taxes and transfers)","TOT","Total population","CURRENT","Current definition","METH2011","Income definition until 2011","2011","2011","0_TO_1","0-1 scale","0","Units",,,0.245,,
"SVN","Slovenia","GINI","Gini (disposable income, post taxes and transfers)","TOT","Total population","CURRENT","Current definition","METH2011","Income definition until 2011","2012","2012","0_TO_1","0-1 scale","0","Units",,,0.251,,
"SVN","Slovenia","GINI","Gini (disposable income, post taxes and transfers)","TOT","Total population","CURRENT","Current definition","METH2011","Income definition until 2011","2013","2013","0_TO_1","0-1 scale","0","Units",,,0.255,,
"LVA","Latvia","GINI","Gini (disposable income, post taxes and transfers)","TOT","Total population","CURRENT","Current definition","METH2011","Income definition until 2011","2004","2004","0_TO_1","0-1 scale","0","Units",,,0.363,,
"LVA","Latvia","GINI","Gini (disposable income, post taxes and transfers)","TOT","Total population","CURRENT","Current definition","METH2011","Income definition until 2011","2005","2005","0_TO_1","0-1 scale","0","Units",,,0.392,,
"LVA","Latvia","GINI","Gini (disposable income, post taxes and transfers)","TOT","Total population","CURRENT","Current definition","METH2011","Income definition until 2011","2006","2006","0_TO_1","0-1 scale","0","Units",,,0.36,,
"LVA","Latvia","GINI","Gini (disposable income, post taxes and transfers)","TOT","Total population","CURRENT","Current definition","METH2011","Income definition until 2011","2007","2007","0_TO_1","0-1 scale","0","Units",,,0.381,,
"LVA","Latvia","GINI","Gini (disposable income, post taxes and transfers)","TOT","Total population","CURRENT","Current definition","METH2011","Income definition until 2011","2008","2008","0_TO_1","0-1 scale","0","Units",,,0.381,,
"LVA","Latvia","GINI","Gini (disposable income, post taxes and transfers)","TOT","Total population","CURRENT","Current definition","METH2011","Income definition until 2011","2009","2009","0_TO_1","0-1 scale","0","Units",,,0.362,,
"LVA","Latvia","GINI","Gini (disposable income, post taxes and transfers)","TOT","Total population","CURRENT","Current definition","METH2011","Income definition until 2011","2010","2010","0_TO_1","0-1 scale","0","Units",,,0.355,,
"LVA","Latvia","GINI","Gini (disposable income, post taxes and transfers)","TOT","Total population","CURRENT","Current definition","METH2011","Income definition until 2011","2011","2011","0_TO_1","0-1 scale","0","Units",,,0.361,,
"LVA","Latvia","GINI","Gini (disposable income, post taxes and transfers)","TOT","Total population","CURRENT","Current definition","METH2011","Income definition until 2011","2012","2012","0_TO_1","0-1 scale","0","Units",,,0.355,,
"LVA","Latvia","GINI","Gini (disposable income, post taxes and transfers)","TOT","Total population","CURRENT","Current definition","METH2011","Income definition until 2011","2013","2013","0_TO_1","0-1 scale","0","Units",,,0.36,,
